Domain Code,Domain,Area Code (M49),Area,Element Code,Element,Item Code,Item,Year Code,Year,Unit,Value,Flag,Flag Description,Note
"RL","Land Use","004","Afghanistan","5110","Area","6602","Agriculture","2020","2020","1000 ha","38313","I","Value imputed by a receiving agency",""
"RL","Land Use","004","Afghanistan","5110","Area","6610","Agricultural land","2020","2020","1000 ha","38313","I","Value imputed by a receiving agency",""
"RL","Land Use","004","Afghanistan","5110","Area","6620","Cropland","2020","2020","1000 ha","8051","I","Value imputed by a receiving agency",""
"RL","Land Use","004","Afghanistan","5110","Area","6621","Arable land","2020","2020","1000 ha","7829","I","Value imputed by a receiving agency",""
"RL","Land Use","004","Afghanistan","5110","Area","6630","Temporary crops","2020","2020","1000 ha","3834","A","Official figure",""
"RL","Land Use","004","Afghanistan","5110","Area","6633","Temporary meadows and pastures","2020","2020","1000 ha","0","I","Value imputed by a receiving agency",""
"RL","Land Use","004","Afghanistan","5110","Area","6640","Temporary fallow","2020","2020","1000 ha","3995","A","Official figure",""
"RL","Land Use","004","Afghanistan","5110","Area","6650","Permanent crops","2020","2020","1000 ha","222","I","Value imputed by a receiving agency",""
"RL","Land Use","004","Afghanistan","5110","Area","6655","Permanent meadows and pastures","2020","2020","1000 ha","30262","A","Official figure",""
"RL","Land Use","004","Afghanistan","5110","Area","6659","Perm. meadows & pastures - Nat. growing","2020","2020","1000 ha","30262","I","Value imputed by a receiving agency",""
"RL","Land Use","008","Albania","5110","Area","6602","Agriculture","2020","2020","1000 ha","1167.345","I","Value imputed by a receiving agency",""
"RL","Land Use","008","Albania","5110","Area","6610","Agricultural land","2020","2020","1000 ha","1165.555","A","Official figure",""
"RL","Land Use","008","Albania","5110","Area","6620","Cropland","2020","2020","1000 ha","687.555","A","Official figure",""
"RL","Land Use","008","Albania","5110","Area","6621","Arable land","2020","2020","1000 ha","599.6","A","Official figure",""
"RL","Land Use","008","Albania","5110","Area","6630","Temporary crops","2020","2020","1000 ha","196.6","A","Official figure",""
"RL","Land Use","008","Albania","5110","Area","6633","Temporary meadows and pastures","2020","2020","1000 ha","225","A","Official figure",""
"RL","Land Use","008","Albania","5110","Area","6640","Temporary fallow","2020","2020","1000 ha","178","A","Official figure",""
"RL","Land Use","008","Albania","5110","Area","6650","Permanent crops","2020","2020","1000 ha","87.955","A","Official figure",""
"RL","Land Use","008","Albania","5110","Area","6655","Permanent meadows and pastures","2020","2020","1000 ha","478","A","Official figure",""
"RL","Land Use","008","Albania","5110","Area","6649","Farm buildings and Farmyards","2020","2020","1000 ha","1.79","A","Official figure",""
"RL","Land Use","012","Algeria","5110","Area","6602","Agriculture","2020","2020","1000 ha","41288","I","Value imputed by a receiving agency",""
"RL","Land Use","012","Algeria","5110","Area","6610","Agricultural land","2020","2020","1000 ha","41288","I","Value imputed by a receiving agency",""
"RL","Land Use","012","Algeria","5110","Area","6620","Cropland","2020","2020","1000 ha","8481","I","Value imputed by a receiving agency",""
"RL","Land Use","012","Algeria","5110","Area","6621","Arable land","2020","2020","1000 ha","7531","I","Value imputed by a receiving agency",""
"RL","Land Use","012","Algeria","5110","Area","6630","Temporary crops","2020","2020","1000 ha","4682","I","Value imputed by a receiving agency",""
"RL","Land Use","012","Algeria","5110","Area","6640","Temporary fallow","2020","2020","1000 ha","2849","I","Value imputed by a receiving agency",""
"RL","Land Use","012","Algeria","5110","Area","6650","Permanent crops","2020","2020","1000 ha","951","I","Value imputed by a receiving agency",""
"RL","Land Use","012","Algeria","5110","Area","6655","Permanent meadows and pastures","2020","2020","1000 ha","32807","I","Value imputed by a receiving agency",""
"RL","Land Use","012","Algeria","5110","Area","6656","Perm. meadows & pastures - Cultivated","2020","2020","1000 ha","54","I","Value imputed by a receiving agency",""
"RL","Land Use","012","Algeria","5110","Area","6659","Perm. meadows & pastures - Nat. growing","2020","2020","1000 ha","32753","I","Value imputed by a receiving agency",""
"RL","Land Use","016","American Samoa","5110","Area","6602","Agriculture","2020","2020","1000 ha","2.87","I","Value imputed by a receiving agency",""
"RL","Land Use","016","American Samoa","5110","Area","6610","Agricultural land","2020","2020","1000 ha","2.87","I","Value imputed by a receiving agency",""
"RL","Land Use","016","American Samoa","5110","Area","6620","Cropland","2020","2020","1000 ha","2.87","I","Value imputed by a receiving agency",""
"RL","Land Use","016","American Samoa","5110","Area","6621","Arable land","2020","2020","1000 ha","0.96","I","Value imputed by a receiving agency",""
"RL","Land Use","016","American Samoa","5110","Area","6630","Temporary crops","2020","2020","1000 ha","0.7412","I","Value imputed by a receiving agency",""
"RL","Land Use","016","American Samoa","5110","Area","6633","Temporary meadows and pastures","2020","2020","1000 ha","0.1051","I","Value imputed by a receiving agency",""
"RL","Land Use","016","American Samoa","5110","Area","6640","Temporary fallow","2020","2020","1000 ha","0.1137","I","Value imputed by a receiving agency",""
"RL","Land Use","016","American Samoa","5110","Area","6650","Permanent crops","2020","2020","1000 ha","1.91","I","Value imputed by a receiving agency",""
"RL","Land Use","016","American Samoa","5110","Area","6655","Permanent meadows and pastures","2020","2020","1000 ha","0","I","Value imputed by a receiving agency",""
"RL","Land Use","020","Andorra","5110","Area","6602","Agriculture","2020","2020","1000 ha","18.7773","I","Value imputed by a receiving agency",""
"RL","Land Use","020","Andorra","5110","Area","6610","Agricultural land","2020","2020","1000 ha","18.7773","I","Value imputed by a receiving agency",""
"RL","Land Use","020","Andorra","5110","Area","6620","Cropland","2020","2020","1000 ha","0.7773","A","Official figure",""
"RL","Land Use","020","Andorra","5110","Area","6621","Arable land","2020","2020","1000 ha","0.7689","A","Official figure",""
"RL","Land Use","020","Andorra","5110","Area","6630","Temporary crops","2020","2020","1000 ha","0.2089","A","Official figure",""
"RL","Land Use","020","Andorra","5110","Area","6633","Temporary meadows and pastures","2020","2020","1000 ha","0.5","A","Official figure",""
"RL","Land Use","020","Andorra","5110","Area","6640","Temporary fallow","2020","2020","1000 ha","0.06","A","Official figure",""
"RL","Land Use","020","Andorra","5110","Area","6650","Permanent crops","2020","2020","1000 ha","0.0084","A","Official figure",""
"RL","Land Use","020","Andorra","5110","Area","6655","Permanent meadows and pastures","2020","2020","1000 ha","18","I","Value imputed by a receiving agency",""
"RL","Land Use","024","Angola","5110","Area","6602","Agriculture","2020","2020","1000 ha","45864","I","Value imputed by a receiving agency",""
"RL","Land Use","024","Angola","5110","Area","6610","Agricultural land","2020","2020","1000 ha","45864","I","Value imputed by a receiving agency",""
"RL","Land Use","024","Angola","5110","Area","6620","Cropland","2020","2020","1000 ha","5657","I","Value imputed by a receiving agency",""
"RL","Land Use","024","Angola","5110","Area","6621","Arable land","2020","2020","1000 ha","5340","I","Value imputed by a receiving agency",""
"RL","Land Use","024","Angola","5110","Area","6630","Temporary crops","2020","2020","1000 ha","4122.898","I","Value imputed by a receiving agency",""
"RL","Land Use","024","Angola","5110","Area","6633","Temporary meadows and pastures","2020","2020","1000 ha","584.3804","I","Value imputed by a receiving agency",""
"RL","Land Use","024","Angola","5110","Area","6640","Temporary fallow","2020","2020","1000 ha","632.7217","I","Value imputed by a receiving agency",""
"RL","Land Use","024","Angola","5110","Area","6650","Permanent crops","2020","2020","1000 ha","317","I","Value imputed by a receiving agency",""
"RL","Land Use","024","Angola","5110","Area","6655","Permanent meadows and pastures","2020","2020","1000 ha","40207","I","Value imputed by a receiving agency",""
"RL","Land Use","028","Antigua and Barbuda","5110","Area","6602","Agriculture","2020","2020","1000 ha","9","I","Value imputed by a receiving agency",""
"RL","Land Use","028","Antigua and Barbuda","5110","Area","6610","Agricultural land","2020","2020","1000 ha","9","I","Value imputed by a receiving agency",""
"RL","Land Use","028","Antigua and Barbuda","5110","Area","6620","Cropland","2020","2020","1000 ha","5","I","Value imputed by a receiving agency",""
"RL","Land Use","028","Antigua and Barbuda","5110","Area","6621","Arable land","2020","2020","1000 ha","4","I","Value imputed by a receiving agency",""
"RL","Land Use","028","Antigua and Barbuda","5110","Area","6630","Temporary crops","2020","2020","1000 ha","3.0883","I","Value imputed by a receiving agency",""
"RL","Land Use","028","Antigua and Barbuda","5110","Area","6633","Temporary meadows and pastures","2020","2020","1000 ha","0.4377","I","Value imputed by a receiving agency",""
"RL","Land Use","028","Antigua and Barbuda","5110","Area","6640","Temporary fallow","2020","2020","1000 ha","0.4739","I","Value imputed by a receiving agency",""
"RL","Land Use","028","Antigua and Barbuda","5110","Area","6650","Permanent crops","2020","2020","1000 ha","1","I","Value imputed by a receiving agency",""
"RL","Land Use","028","Antigua and Barbuda","5110","Area","6655","Permanent meadows and pastures","2020","2020","1000 ha","4","I","Value imputed by a receiving agency",""
"RL","Land Use","032","Argentina","5110","Area","6602","Agriculture","2020","2020","1000 ha","117679","I","Value imputed by a receiving agency",""
"RL","Land Use","032","Argentina","5110","Area","6610","Agricultural land","2020","2020","1000 ha","117679","I","Value imputed by a receiving agency",""
"RL","Land Use","032","Argentina","5110","Area","6620","Cropland","2020","2020","1000 ha","42998","I","Value imputed by a receiving agency",""
"RL","Land Use","032","Argentina","5110","Area","6621","Arable land","2020","2020","1000 ha","41930","I","Value imputed by a receiving agency",""
"RL","Land Use","032","Argentina","5110","Area","6630","Temporary crops","2020","2020","1000 ha","35921","I","Value imputed by a receiving agency",""
"RL","Land Use","032","Argentina","5110","Area","6633","Temporary meadows and pastures","2020","2020","1000 ha","3744","I","Value imputed by a receiving agency",""
"RL","Land Use","032","Argentina","5110","Area","6640","Temporary fallow","2020","2020","1000 ha","2265","I","Value imputed by a receiving agency",""
"RL","Land Use","032","Argentina","5110","Area","6650","Permanent crops","2020","2020","1000 ha","1068","I","Value imputed by a receiving agency",""
"RL","Land Use","032","Argentina","5110","Area","6655","Permanent meadows and pastures","2020","2020","1000 ha","74681","I","Value imputed by a receiving agency",""
"RL","Land Use","032","Argentina","5110","Area","6656","Perm. meadows & pastures - Cultivated","2020","2020","1000 ha","3661","I","Value imputed by a receiving agency",""
"RL","Land Use","032","Argentina","5110","Area","6659","Perm. meadows & pastures - Nat. growing","2020","2020","1000 ha","71020","I","Value imputed by a receiving agency",""
"RL","Land Use","051","Armenia","5110","Area","6602","Agriculture","2020","2020","1000 ha","2042.48","A","Official figure",""
"RL","Land Use","051","Armenia","5110","Area","6610","Agricultural land","2020","2020","1000 ha","1676","A","Official figure",""
"RL","Land Use","051","Armenia","5110","Area","6620","Cropland","2020","2020","1000 ha","504","A","Official figure",""
"RL","Land Use","051","Armenia","5110","Area","6621","Arable land","2020","2020","1000 ha","444","A","Official figure",""
"RL","Land Use","051","Armenia","5110","Area","6630","Temporary crops","2020","2020","1000 ha","223","A","Official figure",""
"RL","Land Use","051","Armenia","5110","Area","6633","Temporary meadows and pastures","2020","2020","1000 ha","0","I","Value imputed by a receiving agency",""
"RL","Land Use","051","Armenia","5110","Area","6640","Temporary fallow","2020","2020","1000 ha","221","I","Value imputed by a receiving agency",""
"RL","Land Use","051","Armenia","5110","Area","6650","Permanent crops","2020","2020","1000 ha","60","A","Official figure",""
"RL","Land Use","051","Armenia","5110","Area","6655","Permanent meadows and pastures","2020","2020","1000 ha","1172","A","Official figure",""
"RL","Land Use","051","Armenia","5110","Area","6656","Perm. meadows & pastures - Cultivated","2020","2020","1000 ha","121","A","Official figure",""
"RL","Land Use","051","Armenia","5110","Area","6659","Perm. meadows & pastures - Nat. growing","2020","2020","1000 ha","1051","A","Official figure",""
"RL","Land Use","051","Armenia","5110","Area","6649","Farm buildings and Farmyards","2020","2020","1000 ha","366.48","I","Value imputed by a receiving agency",""
"RL","Land Use","533","Aruba","5110","Area","6602","Agriculture","2020","2020","1000 ha","2","I","Value imputed by a receiving agency",""
"RL","Land Use","533","Aruba","5110","Area","6610","Agricultural land","2020","2020","1000 ha","2","I","Value imputed by a receiving agency",""
"RL","Land Use","533","Aruba","5110","Area","6620","Cropland","2020","2020","1000 ha","2","I","Value imputed by a receiving agency",""
"RL","Land Use","533","Aruba","5110","Area","6621","Arable land","2020","2020","1000 ha","2","I","Value imputed by a receiving agency",""
"RL","Land Use","533","Aruba","5110","Area","6630","Temporary crops","2020","2020","1000 ha","1.5442","I","Value imputed by a receiving agency",""
"RL","Land Use","533","Aruba","5110","Area","6633","Temporary meadows and pastures","2020","2020","1000 ha","0.2189","I","Value imputed by a receiving agency",""
"RL","Land Use","533","Aruba","5110","Area","6640","Temporary fallow","2020","2020","1000 ha","0.237","I","Value imputed by a receiving agency",""
"RL","Land Use","654","Ascension, Saint Helena and Tristan da Cunha","5110","Area","6602","Agriculture","2020","2020","1000 ha","12","I","Value imputed by a receiving agency",""
"RL","Land Use","654","Ascension, Saint Helena and Tristan da Cunha","5110","Area","6610","Agricultural land","2020","2020","1000 ha","12","I","Value imputed by a receiving agency",""
"RL","Land Use","654","Ascension, Saint Helena and Tristan da Cunha","5110","Area","6620","Cropland","2020","2020","1000 ha","4","I","Value imputed by a receiving agency",""
"RL","Land Use","654","Ascension, Saint Helena and Tristan da Cunha","5110","Area","6621","Arable land","2020","2020","1000 ha","4","I","Value imputed by a receiving agency",""
"RL","Land Use","654","Ascension, Saint Helena and Tristan da Cunha","5110","Area","6630","Temporary crops","2020","2020","1000 ha","3.0883","I","Value imputed by a receiving agency",""
"RL","Land Use","654","Ascension, Saint Helena and Tristan da Cunha","5110","Area","6633","Temporary meadows and pastures","2020","2020","1000 ha","0.4377","I","Value imputed by a receiving agency",""
"RL","Land Use","654","Ascension, Saint Helena and Tristan da Cunha","5110","Area","6640","Temporary fallow","2020","2020","1000 ha","0.4739","I","Value imputed by a receiving agency",""
"RL","Land Use","654","Ascension, Saint Helena and Tristan da Cunha","5110","Area","6655","Permanent meadows and pastures","2020","2020","1000 ha","8","I","Value imputed by a receiving agency",""
"RL","Land Use","036","Australia","5110","Area","6602","Agriculture","2020","2020","1000 ha","377002","A","Official figure",""
"RL","Land Use","036","Australia","5110","Area","6610","Agricultural land","2020","2020","1000 ha","355775","I","Value imputed by a receiving agency",""
"RL","Land Use","036","Australia","5110","Area","6620","Cropland","2020","2020","1000 ha","30996","A","Official figure",""
"RL","Land Use","036","Australia","5110","Area","6621","Arable land","2020","2020","1000 ha","30644","I","Value imputed by a receiving agency",""
"RL","Land Use","036","Australia","5110","Area","6630","Temporary crops","2020","2020","1000 ha","25004.8111","I","Value imputed by a receiving agency",""
"RL","Land Use","036","Australia","5110","Area","6633","Temporary meadows and pastures","2020","2020","1000 ha","0","I","Value imputed by a receiving agency",""
"RL","Land Use","036","Australia","5110","Area","6640","Temporary fallow","2020","2020","1000 ha","5639.1889","I","Value imputed by a receiving agency",""
"RL","Land Use","036","Australia","5110","Area","6650","Permanent crops","2020","2020","1000 ha","352","A","Official figure",""
"RL","Land Use","036","Australia","5110","Area","6655","Permanent meadows and pastures","2020","2020","1000 ha","324779","A","Official figure",""
"RL","Land Use","036","Australia","5110","Area","6649","Farm buildings and Farmyards","2020","2020","1000 ha","76","A","Official figure",""
"RL","Land Use","040","Austria","5110","Area","6602","Agriculture","2020","2020","1000 ha","2633.1729","A","Official figure",""
"RL","Land Use","040","Austria","5110","Area","6610","Agricultural land","2020","2020","1000 ha","2602.6653","A","Official figure",""
"RL","Land Use","040","Austria","5110","Area","6620","Cropland","2020","2020","1000 ha","1392.6854","A","Official figure",""
"RL","Land Use","040","Austria","5110","Area","6621","Arable land","2020","2020","1000 ha","1324.9714","A","Official figure",""
"RL","Land Use","040","Austria","5110","Area","6630","Temporary crops","2020","2020","1000 ha","1120.6972","A","Official figure",""
"RL","Land Use","040","Austria","5110","Area","6633","Temporary meadows and pastures","2020","2020","1000 ha","153.4402","A","Official figure",""
"RL","Land Use","040","Austria","5110","Area","6640","Temporary fallow","2020","2020","1000 ha","50.834","A","Official figure",""
"RL","Land Use","040","Austria","5110","Area","6650","Permanent crops","2020","2020","1000 ha","67.714","A","Official figure",""
"RL","Land Use","040","Austria","5110","Area","6655","Permanent meadows and pastures","2020","2020","1000 ha","1209.9799","A","Official figure",""
"RL","Land Use","040","Austria","5110","Area","6656","Perm. meadows & pastures - Cultivated","2020","2020","1000 ha","789.62","A","Official figure",""
"RL","Land Use","040","Austria","5110","Area","6659","Perm. meadows & pastures - Nat. growing","2020","2020","1000 ha","420.36","A","Official figure",""
"RL","Land Use","040","Austria","5110","Area","6649","Farm buildings and Farmyards","2020","2020","1000 ha","31","A","Official figure",""
"RL","Land Use","031","Azerbaijan","5110","Area","6602","Agriculture","2020","2020","1000 ha","4780.1","A","Official figure",""
"RL","Land Use","031","Azerbaijan","5110","Area","6610","Agricultural land","2020","2020","1000 ha","4780.1","A","Official figure",""
"RL","Land Use","031","Azerbaijan","5110","Area","6620","Cropland","2020","2020","1000 ha","2357","A","Official figure",""
"RL","Land Use","031","Azerbaijan","5110","Area","6621","Arable land","2020","2020","1000 ha","2084.3","A","Official figure",""
"RL","Land Use","031","Azerbaijan","5110","Area","6630","Temporary crops","2020","2020","1000 ha","2045.2","A","Official figure",""
"RL","Land Use","031","Azerbaijan","5110","Area","6633","Temporary meadows and pastures","2020","2020","1000 ha","0","A","Official figure",""
"RL","Land Use","031","Azerbaijan","5110","Area","6640","Temporary fallow","2020","2020","1000 ha","39.2","A","Official figure",""
"RL","Land Use","031","Azerbaijan","5110","Area","6650","Permanent crops","2020","2020","1000 ha","272.7","A","Official figure",""
"RL","Land Use","031","Azerbaijan","5110","Area","6655","Permanent meadows and pastures","2020","2020","1000 ha","2423","A","Official figure",""
"RL","Land Use","031","Azerbaijan","5110","Area","6656","Perm. meadows & pastures - Cultivated","2020","2020","1000 ha","2423","A","Official figure",""
"RL","Land Use","044","Bahamas","5110","Area","6602","Agriculture","2020","2020","1000 ha","13","I","Value imputed by a receiving agency",""
"RL","Land Use","044","Bahamas","5110","Area","6610","Agricultural land","2020","2020","1000 ha","13","I","Value imputed by a receiving agency",""
"RL","Land Use","044","Bahamas","5110","Area","6620","Cropland","2020","2020","1000 ha","11","I","Value imputed by a receiving agency",""
"RL","Land Use","044","Bahamas","5110","Area","6621","Arable land","2020","2020","1000 ha","8","I","Value imputed by a receiving agency",""
"RL","Land Use","044","Bahamas","5110","Area","6630","Temporary crops","2020","2020","1000 ha","6.1766","I","Value imputed by a receiving agency",""
"RL","Land Use","044","Bahamas","5110","Area","6633","Temporary meadows and pastures","2020","2020","1000 ha","0.8755","I","Value imputed by a receiving agency",""
"RL","Land Use","044","Bahamas","5110","Area","6640","Temporary fallow","2020","2020","1000 ha","0.9479","I","Value imputed by a receiving agency",""
"RL","Land Use","044","Bahamas","5110","Area","6650","Permanent crops","2020","2020","1000 ha","3","I","Value imputed by a receiving agency",""
"RL","Land Use","044","Bahamas","5110","Area","6655","Permanent meadows and pastures","2020","2020","1000 ha","2","I","Value imputed by a receiving agency",""
"RL","Land Use","048","Bahrain","5110","Area","6602","Agriculture","2020","2020","1000 ha","9.2","I","Value imputed by a receiving agency",""
"RL","Land Use","048","Bahrain","5110","Area","6610","Agricultural land","2020","2020","1000 ha","8.1","I","Value imputed by a receiving agency",""
"RL","Land Use","048","Bahrain","5110","Area","6620","Cropland","2020","2020","1000 ha","4.1","A","Official figure",""
"RL","Land Use","048","Bahrain","5110","Area","6621","Arable land","2020","2020","1000 ha","2.1","A","Official figure",""
"RL","Land Use","048","Bahrain","5110","Area","6630","Temporary crops","2020","2020","1000 ha","1.5","A","Official figure",""
"RL","Land Use","048","Bahrain","5110","Area","6633","Temporary meadows and pastures","2020","2020","1000 ha","0","A","Official figure",""
"RL","Land Use","048","Bahrain","5110","Area","6640","Temporary fallow","2020","2020","1000 ha","0.6","I","Value imputed by a receiving agency",""
"RL","Land Use","048","Bahrain","5110","Area","6650","Permanent crops","2020","2020","1000 ha","2","A","Official figure",""
"RL","Land Use","048","Bahrain","5110","Area","6655","Permanent meadows and pastures","2020","2020","1000 ha","4","I","Value imputed by a receiving agency",""
"RL","Land Use","048","Bahrain","5110","Area","6649","Farm buildings and Farmyards","2020","2020","1000 ha","1.1","A","Official figure",""
"RL","Land Use","050","Bangladesh","5110","Area","6602","Agriculture","2020","2020","1000 ha","9430","I","Value imputed by a receiving agency",""
"RL","Land Use","050","Bangladesh","5110","Area","6610","Agricultural land","2020","2020","1000 ha","9430","I","Value imputed by a receiving agency",""
"RL","Land Use","050","Bangladesh","5110","Area","6620","Cropland","2020","2020","1000 ha","8830","A","Official figure",""
"RL","Land Use","050","Bangladesh","5110","Area","6621","Arable land","2020","2020","1000 ha","7890","I","Value imputed by a receiving agency",""
"RL","Land Use","050","Bangladesh","5110","Area","6630","Temporary crops","2020","2020","1000 ha","6091.6975","I","Value imputed by a receiving agency",""
"RL","Land Use","050","Bangladesh","5110","Area","6633","Temporary meadows and pastures","2020","2020","1000 ha","1367.3025","I","Value imputed by a receiving agency",""
"RL","Land Use","050","Bangladesh","5110","Area","6640","Temporary fallow","2020","2020","1000 ha","431","A","Official figure",""
"RL","Land Use","050","Bangladesh","5110","Area","6650","Permanent crops","2020","2020","1000 ha","940","I","Value imputed by a receiving agency",""
"RL","Land Use","050","Bangladesh","5110","Area","6655","Permanent meadows and pastures","2020","2020","1000 ha","600","I","Value imputed by a receiving agency",""
"RL","Land Use","052","Barbados","5110","Area","6602","Agriculture","2020","2020","1000 ha","10","I","Value imputed by a receiving agency",""
"RL","Land Use","052","Barbados","5110","Area","6610","Agricultural land","2020","2020","1000 ha","10","I","Value imputed by a receiving agency",""
"RL","Land Use","052","Barbados","5110","Area","6620","Cropland","2020","2020","1000 ha","8","I","Value imputed by a receiving agency",""
"RL","Land Use","052","Barbados","5110","Area","6621","Arable land","2020","2020","1000 ha","7","I","Value imputed by a receiving agency",""
"RL","Land Use","052","Barbados","5110","Area","6630","Temporary crops","2020","2020","1000 ha","5.4045","I","Value imputed by a receiving agency",""
"RL","Land Use","052","Barbados","5110","Area","6633","Temporary meadows and pastures","2020","2020","1000 ha","0.766","I","Value imputed by a receiving agency",""
"RL","Land Use","052","Barbados","5110","Area","6640","Temporary fallow","2020","2020","1000 ha","0.8294","I","Value imputed by a receiving agency",""
"RL","Land Use","052","Barbados","5110","Area","6650","Permanent crops","2020","2020","1000 ha","1","I","Value imputed by a receiving agency",""
"RL","Land Use","052","Barbados","5110","Area","6655","Permanent meadows and pastures","2020","2020","1000 ha","2","I","Value imputed by a receiving agency",""
"RL","Land Use","112","Belarus","5110","Area","6602","Agriculture","2020","2020","1000 ha","8284","A","Official figure",""
"RL","Land Use","112","Belarus","5110","Area","6610","Agricultural land","2020","2020","1000 ha","8281","A","Official figure",""
"RL","Land Use","112","Belarus","5110","Area","6620","Cropland","2020","2020","1000 ha","5760","A","Official figure",""
"RL","Land Use","112","Belarus","5110","Area","6621","Arable land","2020","2020","1000 ha","5660","A","Official figure",""
"RL","Land Use","112","Belarus","5110","Area","6630","Temporary crops","2020","2020","1000 ha","4369.963","I","Value imputed by a receiving agency",""
"RL","Land Use","112","Belarus","5110","Area","6633","Temporary meadows and pastures","2020","2020","1000 ha","1267.537","I","Value imputed by a receiving agency",""
"RL","Land Use","112","Belarus","5110","Area","6640","Temporary fallow","2020","2020","1000 ha","22.5","I","Value imputed by a receiving agency",""
"RL","Land Use","112","Belarus","5110","Area","6650","Permanent crops","2020","2020","1000 ha","100","A","Official figure",""
"RL","Land Use","112","Belarus","5110","Area","6655","Permanent meadows and pastures","2020","2020","1000 ha","2521","A","Official figure",""
"RL","Land Use","056","Belgium","5110","Area","6602","Agriculture","2020","2020","1000 ha","1364.6093","I","Value imputed by a receiving agency",""
"RL","Land Use","056","Belgium","5110","Area","6610","Agricultural land","2020","2020","1000 ha","1364.6093","A","Official figure",""
"RL","Land Use","056","Belgium","5110","Area","6620","Cropland","2020","2020","1000 ha","888.4901","A","Official figure",""
"RL","Land Use","056","Belgium","5110","Area","6621","Arable land","2020","2020","1000 ha","864.8766","A","Official figure",""
"RL","Land Use","056","Belgium","5110","Area","6630","Temporary crops","2020","2020","1000 ha","754.4666","A","Official figure",""
"RL","Land Use","056","Belgium","5110","Area","6633","Temporary meadows and pastures","2020","2020","1000 ha","93.94","A","Official figure",""
"RL","Land Use","056","Belgium","5110","Area","6640","Temporary fallow","2020","2020","1000 ha","16.47","A","Official figure",""
"RL","Land Use","056","Belgium","5110","Area","6650","Permanent crops","2020","2020","1000 ha","23.6135","A","Official figure",""
"RL","Land Use","056","Belgium","5110","Area","6655","Permanent meadows and pastures","2020","2020","1000 ha","476.1192","A","Official figure",""
"RL","Land Use","084","Belize","5110","Area","6602","Agriculture","2020","2020","1000 ha","180","I","Value imputed by a receiving agency",""
"RL","Land Use","084","Belize","5110","Area","6610","Agricultural land","2020","2020","1000 ha","180","I","Value imputed by a receiving agency",""
"RL","Land Use","084","Belize","5110","Area","6620","Cropland","2020","2020","1000 ha","130","I","Value imputed by a receiving agency",""
"RL","Land Use","084","Belize","5110","Area","6621","Arable land","2020","2020","1000 ha","98","I","Value imputed by a receiving agency",""
"RL","Land Use","084","Belize","5110","Area","6630","Temporary crops","2020","2020","1000 ha","75.6637","I","Value imputed by a receiving agency",""
"RL","Land Use","084","Belize","5110","Area","6633","Temporary meadows and pastures","2020","2020","1000 ha","10.7246","I","Value imputed by a receiving agency",""
"RL","Land Use","084","Belize","5110","Area","6640","Temporary fallow","2020","2020","1000 ha","11.6117","I","Value imputed by a receiving agency",""
"RL","Land Use","084","Belize","5110","Area","6650","Permanent crops","2020","2020","1000 ha","32","I","Value imputed by a receiving agency",""
"RL","Land Use","084","Belize","5110","Area","6655","Permanent meadows and pastures","2020","2020","1000 ha","50","I","Value imputed by a receiving agency",""
"RL","Land Use","204","Benin","5110","Area","6602","Agriculture","2020","2020","1000 ha","4433.0486","I","Value imputed by a receiving agency",""
"RL","Land Use","204","Benin","5110","Area","6610","Agricultural land","2020","2020","1000 ha","4433.0486","I","Value imputed by a receiving agency",""
"RL","Land Use","204","Benin","5110","Area","6620","Cropland","2020","2020","1000 ha","3883.0486","I","Value imputed by a receiving agency",""
"RL","Land Use","204","Benin","5110","Area","6621","Arable land","2020","2020","1000 ha","3331.2586","I","Value imputed by a receiving agency",""
"RL","Land Use","204","Benin","5110","Area","6630","Temporary crops","2020","2020","1000 ha","2841.9241","I","Value imputed by a receiving agency",""
"RL","Land Use","204","Benin","5110","Area","6633","Temporary meadows and pastures","2020","2020","1000 ha","306.4167","I","Value imputed by a receiving agency",""
"RL","Land Use","204","Benin","5110","Area","6640","Temporary fallow","2020","2020","1000 ha","182.9178","I","Value imputed by a receiving agency",""
"RL","Land Use","204","Benin","5110","Area","6650","Permanent crops","2020","2020","1000 ha","551.79","I","Value imputed by a receiving agency",""
"RL","Land Use","204","Benin","5110","Area","6655","Permanent meadows and pastures","2020","2020","1000 ha","550","I","Value imputed by a receiving agency",""
"RL","Land Use","060","Bermuda","5110","Area","6602","Agriculture","2020","2020","1000 ha","0.3","A","Official figure",""
"RL","Land Use","060","Bermuda","5110","Area","6610","Agricultural land","2020","2020","1000 ha","0.3","I","Value imputed by a receiving agency",""
"RL","Land Use","060","Bermuda","5110","Area","6620","Cropland","2020","2020","1000 ha","0.3","I","Value imputed by a receiving agency",""
"RL","Land Use","060","Bermuda","5110","Area","6621","Arable land","2020","2020","1000 ha","0.3","I","Value imputed by a receiving agency",""
"RL","Land Use","060","Bermuda","5110","Area","6630","Temporary crops","2020","2020","1000 ha","0.2316","I","Value imputed by a receiving agency",""
"RL","Land Use","060","Bermuda","5110","Area","6633","Temporary meadows and pastures","2020","2020","1000 ha","0.0328","I","Value imputed by a receiving agency",""
"RL","Land Use","060","Bermuda","5110","Area","6640","Temporary fallow","2020","2020","1000 ha","0.0355","I","Value imputed by a receiving agency",""
"RL","Land Use","064","Bhutan","5110","Area","6602","Agriculture","2020","2020","1000 ha","516.5","I","Value imputed by a receiving agency",""
"RL","Land Use","064","Bhutan","5110","Area","6610","Agricultural land","2020","2020","1000 ha","516.5","I","Value imputed by a receiving agency",""
"RL","Land Use","064","Bhutan","5110","Area","6620","Cropland","2020","2020","1000 ha","103.5","I","Value imputed by a receiving agency",""
"RL","Land Use","064","Bhutan","5110","Area","6621","Arable land","2020","2020","1000 ha","95.5","I","Value imputed by a receiving agency",""
"RL","Land Use","064","Bhutan","5110","Area","6630","Temporary crops","2020","2020","1000 ha","62.1632","I","Value imputed by a receiving agency",""
"RL","Land Use","064","Bhutan","5110","Area","6633","Temporary meadows and pastures","2020","2020","1000 ha","5.906","I","Value imputed by a receiving agency",""
"RL","Land Use","064","Bhutan","5110","Area","6640","Temporary fallow","2020","2020","1000 ha","27.4309","I","Value imputed by a receiving agency",""
"RL","Land Use","064","Bhutan","5110","Area","6650","Permanent crops","2020","2020","1000 ha","8","I","Value imputed by a receiving agency",""
"RL","Land Use","064","Bhutan","5110","Area","6655","Permanent meadows and pastures","2020","2020","1000 ha","413","I","Value imputed by a receiving agency",""
"RL","Land Use","068","Bolivia (Plurinational State of)","5110","Area","6602","Agriculture","2020","2020","1000 ha","38527.1214","I","Value imputed by a receiving agency",""
"RL","Land Use","068","Bolivia (Plurinational State of)","5110","Area","6610","Agricultural land","2020","2020","1000 ha","38527.1214","I","Value imputed by a receiving agency",""
"RL","Land Use","068","Bolivia (Plurinational State of)","5110","Area","6620","Cropland","2020","2020","1000 ha","5527.1214","I","Value imputed by a receiving agency",""
"RL","Land Use","068","Bolivia (Plurinational State of)","5110","Area","6621","Arable land","2020","2020","1000 ha","5275.212","I","Value imputed by a receiving agency",""
"RL","Land Use","068","Bolivia (Plurinational State of)","5110","Area","6630","Temporary crops","2020","2020","1000 ha","3639.212","A","Official figure",""
"RL","Land Use","068","Bolivia (Plurinational State of)","5110","Area","6633","Temporary meadows and pastures","2020","2020","1000 ha","0","I","Value imputed by a receiving agency",""
"RL","Land Use","068","Bolivia (Plurinational State of)","5110","Area","6640","Temporary fallow","2020","2020","1000 ha","1636","I","Value imputed by a receiving agency",""
"RL","Land Use","068","Bolivia (Plurinational State of)","5110","Area","6650","Permanent crops","2020","2020","1000 ha","251.9095","A","Official figure",""
"RL","Land Use","068","Bolivia (Plurinational State of)","5110","Area","6655","Permanent meadows and pastures","2020","2020","1000 ha","33000","I","Value imputed by a receiving agency",""
"RL","Land Use","068","Bolivia (Plurinational State of)","5110","Area","6656","Perm. meadows & pastures - Cultivated","2020","2020","1000 ha","2349","I","Value imputed by a receiving agency",""
"RL","Land Use","068","Bolivia (Plurinational State of)","5110","Area","6659","Perm. meadows & pastures - Nat. growing","2020","2020","1000 ha","30651","I","Value imputed by a receiving agency",""
"RL","Land Use","070","Bosnia and Herzegovina","5110","Area","6602","Agriculture","2020","2020","1000 ha","2242","I","Value imputed by a receiving agency",""
"RL","Land Use","070","Bosnia and Herzegovina","5110","Area","6610","Agricultural land","2020","2020","1000 ha","2242","A","Official figure",""
"RL","Land Use","070","Bosnia and Herzegovina","5110","Area","6620","Cropland","2020","2020","1000 ha","1122","A","Official figure",""
"RL","Land Use","070","Bosnia and Herzegovina","5110","Area","6621","Arable land","2020","2020","1000 ha","1015","A","Official figure",""
"RL","Land Use","070","Bosnia and Herzegovina","5110","Area","6630","Temporary crops","2020","2020","1000 ha","629","I","Value imputed by a receiving agency",""
"RL","Land Use","070","Bosnia and Herzegovina","5110","Area","6633","Temporary meadows and pastures","2020","2020","1000 ha","0","I","Value imputed by a receiving agency",""
"RL","Land Use","070","Bosnia and Herzegovina","5110","Area","6640","Temporary fallow","2020","2020","1000 ha","386","A","Official figure",""
"RL","Land Use","070","Bosnia and Herzegovina","5110","Area","6650","Permanent crops","2020","2020","1000 ha","107","A","Official figure",""
"RL","Land Use","070","Bosnia and Herzegovina","5110","Area","6655","Permanent meadows and pastures","2020","2020","1000 ha","1120","A","Official figure",""
"RL","Land Use","072","Botswana","5110","Area","6602","Agriculture","2020","2020","1000 ha","25862","I","Value imputed by a receiving agency",""
"RL","Land Use","072","Botswana","5110","Area","6610","Agricultural land","2020","2020","1000 ha","25862","I","Value imputed by a receiving agency",""
"RL","Land Use","072","Botswana","5110","Area","6620","Cropland","2020","2020","1000 ha","262","I","Value imputed by a receiving agency",""
"RL","Land Use","072","Botswana","5110","Area","6621","Arable land","2020","2020","1000 ha","260","A","Official figure",""
"RL","Land Use","072","Botswana","5110","Area","6630","Temporary crops","2020","2020","1000 ha","158","A","Official figure",""
"RL","Land Use","072","Botswana","5110","Area","6633","Temporary meadows and pastures","2020","2020","1000 ha","0","I","Value imputed by a receiving agency",""
"RL","Land Use","072","Botswana","5110","Area","6640","Temporary fallow","2020","2020","1000 ha","102","A","Official figure",""
"RL","Land Use","072","Botswana","5110","Area","6650","Permanent crops","2020","2020","1000 ha","2","I","Value imputed by a receiving agency",""
"RL","Land Use","072","Botswana","5110","Area","6655","Permanent meadows and pastures","2020","2020","1000 ha","25600","I","Value imputed by a receiving agency",""
"RL","Land Use","076","Brazil","5110","Area","6602","Agriculture","2020","2020","1000 ha","236806.8","I","Value imputed by a receiving agency",""
"RL","Land Use","076","Brazil","5110","Area","6610","Agricultural land","2020","2020","1000 ha","236806.8","I","Value imputed by a receiving agency",""
"RL","Land Use","076","Brazil","5110","Area","6620","Cropland","2020","2020","1000 ha","63446","I","Value imputed by a receiving agency",""
"RL","Land Use","076","Brazil","5110","Area","6621","Arable land","2020","2020","1000 ha","55690","I","Value imputed by a receiving agency",""
"RL","Land Use","076","Brazil","5110","Area","6630","Temporary crops","2020","2020","1000 ha","42997.0388","I","Value imputed by a receiving agency",""
"RL","Land Use","076","Brazil","5110","Area","6633","Temporary meadows and pastures","2020","2020","1000 ha","4747","I","Value imputed by a receiving agency",""
"RL","Land Use","076","Brazil","5110","Area","6640","Temporary fallow","2020","2020","1000 ha","7945.9612","I","Value imputed by a receiving agency",""
"RL","Land Use","076","Brazil","5110","Area","6650","Permanent crops","2020","2020","1000 ha","7756","I","Value imputed by a receiving agency",""
"RL","Land Use","076","Brazil","5110","Area","6655","Permanent meadows and pastures","2020","2020","1000 ha","173360.8","I","Value imputed by a receiving agency",""
"RL","Land Use","076","Brazil","5110","Area","6656","Perm. meadows & pastures - Cultivated","2020","2020","1000 ha","126037.8","I","Value imputed by a receiving agency",""
"RL","Land Use","076","Brazil","5110","Area","6659","Perm. meadows & pastures - Nat. growing","2020","2020","1000 ha","47323","I","Value imputed by a receiving agency",""
"RL","Land Use","092","British Virgin Islands","5110","Area","6602","Agriculture","2020","2020","1000 ha","7","I","Value imputed by a receiving agency",""
"RL","Land Use","092","British Virgin Islands","5110","Area","6610","Agricultural land","2020","2020","1000 ha","7","I","Value imputed by a receiving agency",""
"RL","Land Use","092","British Virgin Islands","5110","Area","6620","Cropland","2020","2020","1000 ha","2","I","Value imputed by a receiving agency",""
"RL","Land Use","092","British Virgin Islands","5110","Area","6621","Arable land","2020","2020","1000 ha","1","I","Value imputed by a receiving agency",""
"RL","Land Use","092","British Virgin Islands","5110","Area","6630","Temporary crops","2020","2020","1000 ha","0.7721","I","Value imputed by a receiving agency",""
"RL","Land Use","092","British Virgin Islands","5110","Area","6633","Temporary meadows and pastures","2020","2020","1000 ha","0.1094","I","Value imputed by a receiving agency",""
"RL","Land Use","092","British Virgin Islands","5110","Area","6640","Temporary fallow","2020","2020","1000 ha","0.1185","I","Value imputed by a receiving agency",""
"RL","Land Use","092","British Virgin Islands","5110","Area","6650","Permanent crops","2020","2020","1000 ha","1","I","Value imputed by a receiving agency",""
"RL","Land Use","092","British Virgin Islands","5110","Area","6655","Permanent meadows and pastures","2020","2020","1000 ha","5","I","Value imputed by a receiving agency",""
"RL","Land Use","096","Brunei Darussalam","5110","Area","6602","Agriculture","2020","2020","1000 ha","13.4","I","Value imputed by a receiving agency",""
"RL","Land Use","096","Brunei Darussalam","5110","Area","6610","Agricultural land","2020","2020","1000 ha","13.4","I","Value imputed by a receiving agency",""
"RL","Land Use","096","Brunei Darussalam","5110","Area","6620","Cropland","2020","2020","1000 ha","10","I","Value imputed by a receiving agency",""
"RL","Land Use","096","Brunei Darussalam","5110","Area","6621","Arable land","2020","2020","1000 ha","4","I","Value imputed by a receiving agency",""
"RL","Land Use","096","Brunei Darussalam","5110","Area","6630","Temporary crops","2020","2020","1000 ha","3.1733","I","Value imputed by a receiving agency",""
"RL","Land Use","096","Brunei Darussalam","5110","Area","6633","Temporary meadows and pastures","2020","2020","1000 ha","0.3527","I","Value imputed by a receiving agency",""
"RL","Land Use","096","Brunei Darussalam","5110","Area","6640","Temporary fallow","2020","2020","1000 ha","0.4739","I","Value imputed by a receiving agency",""
"RL","Land Use","096","Brunei Darussalam","5110","Area","6650","Permanent crops","2020","2020","1000 ha","6","I","Value imputed by a receiving agency",""
"RL","Land Use","096","Brunei Darussalam","5110","Area","6655","Permanent meadows and pastures","2020","2020","1000 ha","3.4","I","Value imputed by a receiving agency",""
"RL","Land Use","096","Brunei Darussalam","5110","Area","6659","Perm. meadows & pastures - Nat. growing","2020","2020","1000 ha","3.4","I","Value imputed by a receiving agency",""
"RL","Land Use","100","Bulgaria","5110","Area","6602","Agriculture","2020","2020","1000 ha","5047","I","Value imputed by a receiving agency",""
"RL","Land Use","100","Bulgaria","5110","Area","6610","Agricultural land","2020","2020","1000 ha","5047","A","Official figure",""
"RL","Land Use","100","Bulgaria","5110","Area","6620","Cropland","2020","2020","1000 ha","3644","A","Official figure",""
"RL","Land Use","100","Bulgaria","5110","Area","6621","Arable land","2020","2020","1000 ha","3492","A","Official figure",""
"RL","Land Use","100","Bulgaria","5110","Area","6630","Temporary crops","2020","2020","1000 ha","3203","A","Official figure",""
"RL","Land Use","100","Bulgaria","5110","Area","6633","Temporary meadows and pastures","2020","2020","1000 ha","127","A","Official figure",""
"RL","Land Use","100","Bulgaria","5110","Area","6640","Temporary fallow","2020","2020","1000 ha","162","A","Official figure",""
"RL","Land Use","100","Bulgaria","5110","Area","6650","Permanent crops","2020","2020","1000 ha","152","A","Official figure",""
"RL","Land Use","100","Bulgaria","5110","Area","6655","Permanent meadows and pastures","2020","2020","1000 ha","1404","A","Official figure",""
"RL","Land Use","854","Burkina Faso","5110","Area","6602","Agriculture","2020","2020","1000 ha","14270.8277","I","Value imputed by a receiving agency",""
"RL","Land Use","854","Burkina Faso","5110","Area","6610","Agricultural land","2020","2020","1000 ha","14270.8277","I","Value imputed by a receiving agency",""
"RL","Land Use","854","Burkina Faso","5110","Area","6620","Cropland","2020","2020","1000 ha","8270.8277","I","Value imputed by a receiving agency",""
"RL","Land Use","854","Burkina Faso","5110","Area","6621","Arable land","2020","2020","1000 ha","7655.7277","I","Value imputed by a receiving agency",""
"RL","Land Use","854","Burkina Faso","5110","Area","6630","Temporary crops","2020","2020","1000 ha","6450.2928","A","Official figure",""
"RL","Land Use","854","Burkina Faso","5110","Area","6633","Temporary meadows and pastures","2020","2020","1000 ha","506.9898","I","Value imputed by a receiving agency",""
"RL","Land Use","854","Burkina Faso","5110","Area","6640","Temporary fallow","2020","2020","1000 ha","698.4451","I","Value imputed by a receiving agency",""
"RL","Land Use","854","Burkina Faso","5110","Area","6650","Permanent crops","2020","2020","1000 ha","615.1","I","Value imputed by a receiving agency",""
"RL","Land Use","854","Burkina Faso","5110","Area","6655","Permanent meadows and pastures","2020","2020","1000 ha","6000","I","Value imputed by a receiving agency",""
"RL","Land Use","108","Burundi","5110","Area","6602","Agriculture","2020","2020","1000 ha","2076","I","Value imputed by a receiving agency",""
"RL","Land Use","108","Burundi","5110","Area","6610","Agricultural land","2020","2020","1000 ha","2076","I","Value imputed by a receiving agency",""
"RL","Land Use","108","Burundi","5110","Area","6620","Cropland","2020","2020","1000 ha","1593","I","Value imputed by a receiving agency",""
"RL","Land Use","108","Burundi","5110","Area","6621","Arable land","2020","2020","1000 ha","1243","I","Value imputed by a receiving agency",""
"RL","Land Use","108","Burundi","5110","Area","6630","Temporary crops","2020","2020","1000 ha","1094.8984","I","Value imputed by a receiving agency",""
"RL","Land Use","108","Burundi","5110","Area","6633","Temporary meadows and pastures","2020","2020","1000 ha","70.1325","I","Value imputed by a receiving agency",""
"RL","Land Use","108","Burundi","5110","Area","6640","Temporary fallow","2020","2020","1000 ha","77.9691","I","Value imputed by a receiving agency",""
"RL","Land Use","108","Burundi","5110","Area","6650","Permanent crops","2020","2020","1000 ha","350","I","Value imputed by a receiving agency",""
"RL","Land Use","108","Burundi","5110","Area","6655","Permanent meadows and pastures","2020","2020","1000 ha","483","I","Value imputed by a receiving agency",""
"RL","Land Use","132","Cabo Verde","5110","Area","6602","Agriculture","2020","2020","1000 ha","79","I","Value imputed by a receiving agency",""
"RL","Land Use","132","Cabo Verde","5110","Area","6610","Agricultural land","2020","2020","1000 ha","79","I","Value imputed by a receiving agency",""
"RL","Land Use","132","Cabo Verde","5110","Area","6620","Cropland","2020","2020","1000 ha","54","I","Value imputed by a receiving agency",""
"RL","Land Use","132","Cabo Verde","5110","Area","6621","Arable land","2020","2020","1000 ha","50","I","Value imputed by a receiving agency",""
"RL","Land Use","132","Cabo Verde","5110","Area","6630","Temporary crops","2020","2020","1000 ha","38.6039","I","Value imputed by a receiving agency",""
"RL","Land Use","132","Cabo Verde","5110","Area","6633","Temporary meadows and pastures","2020","2020","1000 ha","5.4717","I","Value imputed by a receiving agency",""
"RL","Land Use","132","Cabo Verde","5110","Area","6640","Temporary fallow","2020","2020","1000 ha","5.9244","I","Value imputed by a receiving agency",""
"RL","Land Use","132","Cabo Verde","5110","Area","6650","Permanent crops","2020","2020","1000 ha","4","I","Value imputed by a receiving agency",""
"RL","Land Use","132","Cabo Verde","5110","Area","6655","Permanent meadows and pastures","2020","2020","1000 ha","25","I","Value imputed by a receiving agency",""
"RL","Land Use","116","Cambodia","5110","Area","6602","Agriculture","2020","2020","1000 ha","6054.8817","I","Value imputed by a receiving agency",""
"RL","Land Use","116","Cambodia","5110","Area","6610","Agricultural land","2020","2020","1000 ha","6054.8817","I","Value imputed by a receiving agency",""
"RL","Land Use","116","Cambodia","5110","Area","6620","Cropland","2020","2020","1000 ha","4554.8817","I","Value imputed by a receiving agency",""
"RL","Land Use","116","Cambodia","5110","Area","6621","Arable land","2020","2020","1000 ha","4090.3877","I","Value imputed by a receiving agency",""
"RL","Land Use","116","Cambodia","5110","Area","6630","Temporary crops","2020","2020","1000 ha","4072.0401","I","Value imputed by a receiving agency",""
"RL","Land Use","116","Cambodia","5110","Area","6633","Temporary meadows and pastures","2020","2020","1000 ha","1.2389","I","Value imputed by a receiving agency",""
"RL","Land Use","116","Cambodia","5110","Area","6640","Temporary fallow","2020","2020","1000 ha","17.1087","I","Value imputed by a receiving agency",""
"RL","Land Use","116","Cambodia","5110","Area","6650","Permanent crops","2020","2020","1000 ha","464.494","I","Value imputed by a receiving agency",""
"RL","Land Use","116","Cambodia","5110","Area","6655","Permanent meadows and pastures","2020","2020","1000 ha","1500","I","Value imputed by a receiving agency",""
"RL","Land Use","120","Cameroon","5110","Area","6602","Agriculture","2020","2020","1000 ha","9833.9429","I","Value imputed by a receiving agency",""
"RL","Land Use","120","Cameroon","5110","Area","6610","Agricultural land","2020","2020","1000 ha","9833.9429","I","Value imputed by a receiving agency",""
"RL","Land Use","120","Cameroon","5110","Area","6620","Cropland","2020","2020","1000 ha","7833.9429","I","Value imputed by a receiving agency",""
"RL","Land Use","120","Cameroon","5110","Area","6621","Arable land","2020","2020","1000 ha","6200","I","Value imputed by a receiving agency",""
"RL","Land Use","120","Cameroon","5110","Area","6630","Temporary crops","2020","2020","1000 ha","4786.8853","I","Value imputed by a receiving agency",""
"RL","Land Use","120","Cameroon","5110","Area","6633","Temporary meadows and pastures","2020","2020","1000 ha","678.4941","I","Value imputed by a receiving agency",""
"RL","Land Use","120","Cameroon","5110","Area","6640","Temporary fallow","2020","2020","1000 ha","734.6207","I","Value imputed by a receiving agency",""
"RL","Land Use","120","Cameroon","5110","Area","6650","Permanent crops","2020","2020","1000 ha","1633.9429","I","Value imputed by a receiving agency",""
"RL","Land Use","120","Cameroon","5110","Area","6655","Permanent meadows and pastures","2020","2020","1000 ha","2000","I","Value imputed by a receiving agency",""
"RL","Land Use","124","Canada","5110","Area","6602","Agriculture","2020","2020","1000 ha","58580.8","I","Value imputed by a receiving agency",""
"RL","Land Use","124","Canada","5110","Area","6610","Agricultural land","2020","2020","1000 ha","57117.4","I","Value imputed by a receiving agency",""
"RL","Land Use","124","Canada","5110","Area","6620","Cropland","2020","2020","1000 ha","38401","A","Official figure",""
"RL","Land Use","124","Canada","5110","Area","6621","Arable land","2020","2020","1000 ha","38235","A","Official figure",""
"RL","Land Use","124","Canada","5110","Area","6630","Temporary crops","2020","2020","1000 ha","32283","A","Official figure",""
"RL","Land Use","124","Canada","5110","Area","6633","Temporary meadows and pastures","2020","2020","1000 ha","5253","A","Official figure",""
"RL","Land Use","124","Canada","5110","Area","6640","Temporary fallow","2020","2020","1000 ha","698","A","Official figure",""
"RL","Land Use","124","Canada","5110","Area","6650","Permanent crops","2020","2020","1000 ha","167","A","Official figure",""
"RL","Land Use","124","Canada","5110","Area","6655","Permanent meadows and pastures","2020","2020","1000 ha","18716.4","I","Value imputed by a receiving agency",""
"RL","Land Use","124","Canada","5110","Area","6656","Perm. meadows & pastures - Cultivated","2020","2020","1000 ha","4879.4","I","Value imputed by a receiving agency",""
"RL","Land Use","124","Canada","5110","Area","6659","Perm. meadows & pastures - Nat. growing","2020","2020","1000 ha","13837","I","Value imputed by a receiving agency",""
"RL","Land Use","124","Canada","5110","Area","6649","Farm buildings and Farmyards","2020","2020","1000 ha","1463.4","I","Value imputed by a receiving agency",""
"RL","Land Use","136","Cayman Islands","5110","Area","6602","Agriculture","2020","2020","1000 ha","2.7","I","Value imputed by a receiving agency",""
"RL","Land Use","136","Cayman Islands","5110","Area","6610","Agricultural land","2020","2020","1000 ha","2.7","I","Value imputed by a receiving agency",""
"RL","Land Use","136","Cayman Islands","5110","Area","6620","Cropland","2020","2020","1000 ha","0.7","I","Value imputed by a receiving agency",""
"RL","Land Use","136","Cayman Islands","5110","Area","6621","Arable land","2020","2020","1000 ha","0.2","I","Value imputed by a receiving agency",""
"RL","Land Use","136","Cayman Islands","5110","Area","6630","Temporary crops","2020","2020","1000 ha","0.1544","I","Value imputed by a receiving agency",""
"RL","Land Use","136","Cayman Islands","5110","Area","6633","Temporary meadows and pastures","2020","2020","1000 ha","0.0219","I","Value imputed by a receiving agency",""
"RL","Land Use","136","Cayman Islands","5110","Area","6640","Temporary fallow","2020","2020","1000 ha","0.0237","I","Value imputed by a receiving agency",""
"RL","Land Use","136","Cayman Islands","5110","Area","6650","Permanent crops","2020","2020","1000 ha","0.5","I","Value imputed by a receiving agency",""
"RL","Land Use","136","Cayman Islands","5110","Area","6655","Permanent meadows and pastures","2020","2020","1000 ha","2","I","Value imputed by a receiving agency",""
"RL","Land Use","140","Central African Republic","5110","Area","6602","Agriculture","2020","2020","1000 ha","5587.3","I","Value imputed by a receiving agency",""
"RL","Land Use","140","Central African Republic","5110","Area","6610","Agricultural land","2020","2020","1000 ha","5587.3","I","Value imputed by a receiving agency",""
"RL","Land Use","140","Central African Republic","5110","Area","6620","Cropland","2020","2020","1000 ha","2597.3","I","Value imputed by a receiving agency",""
"RL","Land Use","140","Central African Republic","5110","Area","6621","Arable land","2020","2020","1000 ha","1800","I","Value imputed by a receiving agency",""
"RL","Land Use","140","Central African Republic","5110","Area","6630","Temporary crops","2020","2020","1000 ha","1389.7409","I","Value imputed by a receiving agency",""
"RL","Land Use","140","Central African Republic","5110","Area","6633","Temporary meadows and pastures","2020","2020","1000 ha","196.9822","I","Value imputed by a receiving agency",""
"RL","Land Use","140","Central African Republic","5110","Area","6640","Temporary fallow","2020","2020","1000 ha","213.277","I","Value imputed by a receiving agency",""
"RL","Land Use","140","Central African Republic","5110","Area","6650","Permanent crops","2020","2020","1000 ha","797.3","I","Value imputed by a receiving agency",""
"RL","Land Use","140","Central African Republic","5110","Area","6655","Permanent meadows and pastures","2020","2020","1000 ha","2990","I","Value imputed by a receiving agency",""
"RL","Land Use","148","Chad","5110","Area","6602","Agriculture","2020","2020","1000 ha","50338","I","Value imputed by a receiving agency",""
"RL","Land Use","148","Chad","5110","Area","6610","Agricultural land","2020","2020","1000 ha","50338","I","Value imputed by a receiving agency",""
"RL","Land Use","148","Chad","5110","Area","6620","Cropland","2020","2020","1000 ha","5338","I","Value imputed by a receiving agency",""
"RL","Land Use","148","Chad","5110","Area","6621","Arable land","2020","2020","1000 ha","5300","I","Value imputed by a receiving agency",""
"RL","Land Use","148","Chad","5110","Area","6630","Temporary crops","2020","2020","1000 ha","4092.0148","I","Value imputed by a receiving agency",""
"RL","Land Use","148","Chad","5110","Area","6633","Temporary meadows and pastures","2020","2020","1000 ha","580.003","I","Value imputed by a receiving agency",""
"RL","Land Use","148","Chad","5110","Area","6640","Temporary fallow","2020","2020","1000 ha","627.9822","I","Value imputed by a receiving agency",""
"RL","Land Use","148","Chad","5110","Area","6650","Permanent crops","2020","2020","1000 ha","37.2","I","Value imputed by a receiving agency",""
"RL","Land Use","148","Chad","5110","Area","6655","Permanent meadows and pastures","2020","2020","1000 ha","45000","I","Value imputed by a receiving agency",""
"RL","Land Use","830","Channel Islands","5110","Area","6602","Agriculture","2020","2020","1000 ha","8.57","I","Value imputed by a receiving agency",""
"RL","Land Use","830","Channel Islands","5110","Area","6610","Agricultural land","2020","2020","1000 ha","8.57","I","Value imputed by a receiving agency",""
"RL","Land Use","830","Channel Islands","5110","Area","6620","Cropland","2020","2020","1000 ha","3.63","I","Value imputed by a receiving agency",""
"RL","Land Use","830","Channel Islands","5110","Area","6621","Arable land","2020","2020","1000 ha","3.63","I","Value imputed by a receiving agency",""
"RL","Land Use","830","Channel Islands","5110","Area","6630","Temporary crops","2020","2020","1000 ha","2.8026","I","Value imputed by a receiving agency",""
"RL","Land Use","830","Channel Islands","5110","Area","6633","Temporary meadows and pastures","2020","2020","1000 ha","0.3972","I","Value imputed by a receiving agency",""
"RL","Land Use","830","Channel Islands","5110","Area","6640","Temporary fallow","2020","2020","1000 ha","0.4301","I","Value imputed by a receiving agency",""
"RL","Land Use","830","Channel Islands","5110","Area","6655","Permanent meadows and pastures","2020","2020","1000 ha","4.94","I","Value imputed by a receiving agency",""
"RL","Land Use","152","Chile","5110","Area","6602","Agriculture","2020","2020","1000 ha","11070.1443","I","Value imputed by a receiving agency",""
"RL","Land Use","152","Chile","5110","Area","6610","Agricultural land","2020","2020","1000 ha","11070.1443","I","Value imputed by a receiving agency",""
"RL","Land Use","152","Chile","5110","Area","6620","Cropland","2020","2020","1000 ha","1912.9813","I","Value imputed by a receiving agency",""
"RL","Land Use","152","Chile","5110","Area","6621","Arable land","2020","2020","1000 ha","1374.905","I","Value imputed by a receiving agency",""
"RL","Land Use","152","Chile","5110","Area","6630","Temporary crops","2020","2020","1000 ha","577.4264","A","Official figure",""
"RL","Land Use","152","Chile","5110","Area","6633","Temporary meadows and pastures","2020","2020","1000 ha","112","I","Value imputed by a receiving agency",""
"RL","Land Use","152","Chile","5110","Area","6640","Temporary fallow","2020","2020","1000 ha","685.4786","I","Value imputed by a receiving agency",""
"RL","Land Use","152","Chile","5110","Area","6650","Permanent crops","2020","2020","1000 ha","538.0763","A","Official figure",""
"RL","Land Use","152","Chile","5110","Area","6655","Permanent meadows and pastures","2020","2020","1000 ha","9157.163","I","Value imputed by a receiving agency",""
"RL","Land Use","152","Chile","5110","Area","6656","Perm. meadows & pastures - Cultivated","2020","2020","1000 ha","774.536","I","Value imputed by a receiving agency",""
"RL","Land Use","152","Chile","5110","Area","6659","Perm. meadows & pastures - Nat. growing","2020","2020","1000 ha","8382.627","I","Value imputed by a receiving agency",""
"RL","Land Use","159","China","5110","Area","6602","Agriculture","2020","2020","1000 ha","521395.1","E","Estimated value",""
"RL","Land Use","159","China","5110","Area","6610","Agricultural land","2020","2020","1000 ha","521395.1","A","Official figure",""
"RL","Land Use","159","China","5110","Area","6620","Cropland","2020","2020","1000 ha","128561.1","E","Estimated value",""
"RL","Land Use","159","China","5110","Area","6621","Arable land","2020","2020","1000 ha","109406.7","E","Estimated value",""
"RL","Land Use","159","China","5110","Area","6630","Temporary crops","2020","2020","1000 ha","84470.5356","E","Estimated value",""
"RL","Land Use","159","China","5110","Area","6633","Temporary meadows and pastures","2020","2020","1000 ha","11994.3389","E","Estimated value",""
"RL","Land Use","159","China","5110","Area","6640","Temporary fallow","2020","2020","1000 ha","12941.8256","E","Estimated value",""
"RL","Land Use","159","China","5110","Area","6650","Permanent crops","2020","2020","1000 ha","19154.4","E","Estimated value",""
"RL","Land Use","159","China","5110","Area","6655","Permanent meadows and pastures","2020","2020","1000 ha","392834","E","Estimated value",""
"RL","Land Use","344","China, Hong Kong SAR","5110","Area","6602","Agriculture","2020","2020","1000 ha","4","I","Value imputed by a receiving agency",""
"RL","Land Use","344","China, Hong Kong SAR","5110","Area","6610","Agricultural land","2020","2020","1000 ha","4","A","Official figure",""
"RL","Land Use","344","China, Hong Kong SAR","5110","Area","6620","Cropland","2020","2020","1000 ha","3","I","Value imputed by a receiving agency",""
"RL","Land Use","344","China, Hong Kong SAR","5110","Area","6621","Arable land","2020","2020","1000 ha","2","I","Value imputed by a receiving agency",""
"RL","Land Use","344","China, Hong Kong SAR","5110","Area","6630","Temporary crops","2020","2020","1000 ha","1.5442","I","Value imputed by a receiving agency",""
"RL","Land Use","344","China, Hong Kong SAR","5110","Area","6633","Temporary meadows and pastures","2020","2020","1000 ha","0.2189","I","Value imputed by a receiving agency",""
"RL","Land Use","344","China, Hong Kong SAR","5110","Area","6640","Temporary fallow","2020","2020","1000 ha","0.237","I","Value imputed by a receiving agency",""
"RL","Land Use","344","China, Hong Kong SAR","5110","Area","6650","Permanent crops","2020","2020","1000 ha","1","I","Value imputed by a receiving agency",""
"RL","Land Use","344","China, Hong Kong SAR","5110","Area","6655","Permanent meadows and pastures","2020","2020","1000 ha","1","I","Value imputed by a receiving agency",""
"RL","Land Use","156","China, mainland","5110","Area","6602","Agriculture","2020","2020","1000 ha","520601","I","Value imputed by a receiving agency",""
"RL","Land Use","156","China, mainland","5110","Area","6610","Agricultural land","2020","2020","1000 ha","520601","I","Value imputed by a receiving agency",""
"RL","Land Use","156","China, mainland","5110","Area","6620","Cropland","2020","2020","1000 ha","127768","I","Value imputed by a receiving agency",""
"RL","Land Use","156","China, mainland","5110","Area","6621","Arable land","2020","2020","1000 ha","108804.6","I","Value imputed by a receiving agency",""
"RL","Land Use","156","China, mainland","5110","Area","6630","Temporary crops","2020","2020","1000 ha","84005.6672","I","Value imputed by a receiving agency",""
"RL","Land Use","156","China, mainland","5110","Area","6633","Temporary meadows and pastures","2020","2020","1000 ha","11906.9801","I","Value imputed by a receiving agency",""
"RL","Land Use","156","China, mainland","5110","Area","6640","Temporary fallow","2020","2020","1000 ha","12891.9526","I","Value imputed by a receiving agency",""
"RL","Land Use","156","China, mainland","5110","Area","6650","Permanent crops","2020","2020","1000 ha","18963.4","I","Value imputed by a receiving agency",""
"RL","Land Use","156","China, mainland","5110","Area","6655","Permanent meadows and pastures","2020","2020","1000 ha","392833","I","Value imputed by a receiving agency",""
"RL","Land Use","156","China, mainland","5110","Area","6656","Perm. meadows & pastures - Cultivated","2020","2020","1000 ha","20867","I","Value imputed by a receiving agency",""
"RL","Land Use","156","China, mainland","5110","Area","6659","Perm. meadows & pastures - Nat. growing","2020","2020","1000 ha","371966","I","Value imputed by a receiving agency",""
"RL","Land Use","158","China, Taiwan Province of","5110","Area","6602","Agriculture","2020","2020","1000 ha","790.1","I","Value imputed by a receiving agency",""
"RL","Land Use","158","China, Taiwan Province of","5110","Area","6610","Agricultural land","2020","2020","1000 ha","790.1","A","Official figure",""
"RL","Land Use","158","China, Taiwan Province of","5110","Area","6620","Cropland","2020","2020","1000 ha","790.1","A","Official figure",""
"RL","Land Use","158","China, Taiwan Province of","5110","Area","6621","Arable land","2020","2020","1000 ha","600.1","I","Value imputed by a receiving agency",""
"RL","Land Use","158","China, Taiwan Province of","5110","Area","6630","Temporary crops","2020","2020","1000 ha","463.3242","I","Value imputed by a receiving agency",""
"RL","Land Use","158","China, Taiwan Province of","5110","Area","6633","Temporary meadows and pastures","2020","2020","1000 ha","87.1399","I","Value imputed by a receiving agency",""
"RL","Land Use","158","China, Taiwan Province of","5110","Area","6640","Temporary fallow","2020","2020","1000 ha","49.636","A","Official figure",""
"RL","Land Use","158","China, Taiwan Province of","5110","Area","6650","Permanent crops","2020","2020","1000 ha","190","I","Value imputed by a receiving agency",""
"RL","Land Use","170","Colombia","5110","Area","6602","Agriculture","2020","2020","1000 ha","44209.9446","I","Value imputed by a receiving agency",""
"RL","Land Use","170","Colombia","5110","Area","6610","Agricultural land","2020","2020","1000 ha","44209.9446","I","Value imputed by a receiving agency",""
"RL","Land Use","170","Colombia","5110","Area","6620","Cropland","2020","2020","1000 ha","4705.6667","I","Value imputed by a receiving agency",""
"RL","Land Use","170","Colombia","5110","Area","6621","Arable land","2020","2020","1000 ha","2344.4337","I","Value imputed by a receiving agency",""
"RL","Land Use","170","Colombia","5110","Area","6630","Temporary crops","2020","2020","1000 ha","2151.4337","I","Value imputed by a receiving agency",""
"RL","Land Use","170","Colombia","5110","Area","6633","Temporary meadows and pastures","2020","2020","1000 ha","0","I","Value imputed by a receiving agency",""
"RL","Land Use","170","Colombia","5110","Area","6640","Temporary fallow","2020","2020","1000 ha","193","I","Value imputed by a receiving agency",""
"RL","Land Use","170","Colombia","5110","Area","6650","Permanent crops","2020","2020","1000 ha","2361.233","I","Value imputed by a receiving agency",""
"RL","Land Use","170","Colombia","5110","Area","6655","Permanent meadows and pastures","2020","2020","1000 ha","39504.278","A","Official figure",""
"RL","Land Use","174","Comoros","5110","Area","6602","Agriculture","2020","2020","1000 ha","133","I","Value imputed by a receiving agency",""
"RL","Land Use","174","Comoros","5110","Area","6610","Agricultural land","2020","2020","1000 ha","133","I","Value imputed by a receiving agency",""
"RL","Land Use","174","Comoros","5110","Area","6620","Cropland","2020","2020","1000 ha","118","I","Value imputed by a receiving agency",""
"RL","Land Use","174","Comoros","5110","Area","6621","Arable land","2020","2020","1000 ha","65","I","Value imputed by a receiving agency",""
"RL","Land Use","174","Comoros","5110","Area","6630","Temporary crops","2020","2020","1000 ha","50.1851","I","Value imputed by a receiving agency",""
"RL","Land Use","174","Comoros","5110","Area","6633","Temporary meadows and pastures","2020","2020","1000 ha","7.1132","I","Value imputed by a receiving agency",""
"RL","Land Use","174","Comoros","5110","Area","6640","Temporary fallow","2020","2020","1000 ha","7.7017","I","Value imputed by a receiving agency",""
"RL","Land Use","174","Comoros","5110","Area","6650","Permanent crops","2020","2020","1000 ha","53","I","Value imputed by a receiving agency",""
"RL","Land Use","174","Comoros","5110","Area","6655","Permanent meadows and pastures","2020","2020","1000 ha","15","I","Value imputed by a receiving agency",""
"RL","Land Use","178","Congo","5110","Area","6602","Agriculture","2020","2020","1000 ha","10642.7","I","Value imputed by a receiving agency",""
"RL","Land Use","178","Congo","5110","Area","6610","Agricultural land","2020","2020","1000 ha","10642.7","I","Value imputed by a receiving agency",""
"RL","Land Use","178","Congo","5110","Area","6620","Cropland","2020","2020","1000 ha","642.7","I","Value imputed by a receiving agency",""
"RL","Land Use","178","Congo","5110","Area","6621","Arable land","2020","2020","1000 ha","550","I","Value imputed by a receiving agency",""
"RL","Land Use","178","Congo","5110","Area","6630","Temporary crops","2020","2020","1000 ha","424.643","I","Value imputed by a receiving agency",""
"RL","Land Use","178","Congo","5110","Area","6633","Temporary meadows and pastures","2020","2020","1000 ha","60.189","I","Value imputed by a receiving agency",""
"RL","Land Use","178","Congo","5110","Area","6640","Temporary fallow","2020","2020","1000 ha","65.168","I","Value imputed by a receiving agency",""
"RL","Land Use","178","Congo","5110","Area","6650","Permanent crops","2020","2020","1000 ha","92.7","I","Value imputed by a receiving agency",""
"RL","Land Use","178","Congo","5110","Area","6655","Permanent meadows and pastures","2020","2020","1000 ha","10000","I","Value imputed by a receiving agency",""
"RL","Land Use","184","Cook Islands","5110","Area","6602","Agriculture","2020","2020","1000 ha","1.9","I","Value imputed by a receiving agency",""
"RL","Land Use","184","Cook Islands","5110","Area","6610","Agricultural land","2020","2020","1000 ha","1.9","I","Value imputed by a receiving agency",""
"RL","Land Use","184","Cook Islands","5110","Area","6620","Cropland","2020","2020","1000 ha","1.9","I","Value imputed by a receiving agency",""
"RL","Land Use","184","Cook Islands","5110","Area","6621","Arable land","2020","2020","1000 ha","0.5","I","Value imputed by a receiving agency",""
"RL","Land Use","184","Cook Islands","5110","Area","6630","Temporary crops","2020","2020","1000 ha","0.18","I","Value imputed by a receiving agency",""
"RL","Land Use","184","Cook Islands","5110","Area","6633","Temporary meadows and pastures","2020","2020","1000 ha","0","I","Value imputed by a receiving agency",""
"RL","Land Use","184","Cook Islands","5110","Area","6640","Temporary fallow","2020","2020","1000 ha","0.32","I","Value imputed by a receiving agency",""
"RL","Land Use","184","Cook Islands","5110","Area","6650","Permanent crops","2020","2020","1000 ha","1.4","I","Value imputed by a receiving agency",""
"RL","Land Use","188","Costa Rica","5110","Area","6602","Agriculture","2020","2020","1000 ha","1712.6226","I","Value imputed by a receiving agency",""
"RL","Land Use","188","Costa Rica","5110","Area","6610","Agricultural land","2020","2020","1000 ha","1712.6226","I","Value imputed by a receiving agency",""
"RL","Land Use","188","Costa Rica","5110","Area","6620","Cropland","2020","2020","1000 ha","544.3476","A","Official figure",""
"RL","Land Use","188","Costa Rica","5110","Area","6621","Arable land","2020","2020","1000 ha","167.1334","A","Official figure",""
"RL","Land Use","188","Costa Rica","5110","Area","6630","Temporary crops","2020","2020","1000 ha","119.6334","I","Value imputed by a receiving agency",""
"RL","Land Use","188","Costa Rica","5110","Area","6633","Temporary meadows and pastures","2020","2020","1000 ha","0","I","Value imputed by a receiving agency",""
"RL","Land Use","188","Costa Rica","5110","Area","6640","Temporary fallow","2020","2020","1000 ha","47.5","I","Value imputed by a receiving agency",""
"RL","Land Use","188","Costa Rica","5110","Area","6650","Permanent crops","2020","2020","1000 ha","377.2142","A","Official figure",""
"RL","Land Use","188","Costa Rica","5110","Area","6655","Permanent meadows and pastures","2020","2020","1000 ha","1168.275","I","Value imputed by a receiving agency",""
"RL","Land Use","384","Côte d'Ivoire","5110","Area","6602","Agriculture","2020","2020","1000 ha","26275.0117","I","Value imputed by a receiving agency",""
"RL","Land Use","384","Côte d'Ivoire","5110","Area","6610","Agricultural land","2020","2020","1000 ha","26275.0117","I","Value imputed by a receiving agency",""
"RL","Land Use","384","Côte d'Ivoire","5110","Area","6620","Cropland","2020","2020","1000 ha","12708.4407","I","Value imputed by a receiving agency",""
"RL","Land Use","384","Côte d'Ivoire","5110","Area","6621","Arable land","2020","2020","1000 ha","4335.1407","I","Value imputed by a receiving agency",""
"RL","Land Use","384","Côte d'Ivoire","5110","Area","6630","Temporary crops","2020","2020","1000 ha","3347.0679","I","Value imputed by a receiving agency",""
"RL","Land Use","384","Côte d'Ivoire","5110","Area","6633","Temporary meadows and pastures","2020","2020","1000 ha","474.4141","I","Value imputed by a receiving agency",""
"RL","Land Use","384","Côte d'Ivoire","5110","Area","6640","Temporary fallow","2020","2020","1000 ha","513.6587","I","Value imputed by a receiving agency",""
"RL","Land Use","384","Côte d'Ivoire","5110","Area","6650","Permanent crops","2020","2020","1000 ha","8373.3","I","Value imputed by a receiving agency",""
"RL","Land Use","384","Côte d'Ivoire","5110","Area","6655","Permanent meadows and pastures","2020","2020","1000 ha","13200","I","Value imputed by a receiving agency",""
"RL","Land Use","191","Croatia","5110","Area","6602","Agriculture","2020","2020","1000 ha","1647","A","Official figure",""
"RL","Land Use","191","Croatia","5110","Area","6610","Agricultural land","2020","2020","1000 ha","1505","A","Official figure",""
"RL","Land Use","191","Croatia","5110","Area","6620","Cropland","2020","2020","1000 ha","968","A","Official figure",""
"RL","Land Use","191","Croatia","5110","Area","6621","Arable land","2020","2020","1000 ha","889","A","Official figure",""
"RL","Land Use","191","Croatia","5110","Area","6630","Temporary crops","2020","2020","1000 ha","789","A","Official figure",""
"RL","Land Use","191","Croatia","5110","Area","6633","Temporary meadows and pastures","2020","2020","1000 ha","71","A","Official figure",""
"RL","Land Use","191","Croatia","5110","Area","6640","Temporary fallow","2020","2020","1000 ha","29","A","Official figure",""
"RL","Land Use","191","Croatia","5110","Area","6650","Permanent crops","2020","2020","1000 ha","79","A","Official figure",""
"RL","Land Use","191","Croatia","5110","Area","6655","Permanent meadows and pastures","2020","2020","1000 ha","537","A","Official figure",""
"RL","Land Use","192","Cuba","5110","Area","6602","Agriculture","2020","2020","1000 ha","6401","I","Value imputed by a receiving agency",""
"RL","Land Use","192","Cuba","5110","Area","6610","Agricultural land","2020","2020","1000 ha","6401","A","Official figure",""
"RL","Land Use","192","Cuba","5110","Area","6620","Cropland","2020","2020","1000 ha","3561.6","I","Value imputed by a receiving agency",""
"RL","Land Use","192","Cuba","5110","Area","6621","Arable land","2020","2020","1000 ha","2908.6","I","Value imputed by a receiving agency",""
"RL","Land Use","192","Cuba","5110","Area","6630","Temporary crops","2020","2020","1000 ha","1059.6874","I","Value imputed by a receiving agency",""
"RL","Land Use","192","Cuba","5110","Area","6633","Temporary meadows and pastures","2020","2020","1000 ha","123.9","I","Value imputed by a receiving agency",""
"RL","Land Use","192","Cuba","5110","Area","6640","Temporary fallow","2020","2020","1000 ha","1725.0126","I","Value imputed by a receiving agency",""
"RL","Land Use","192","Cuba","5110","Area","6650","Permanent crops","2020","2020","1000 ha","653","I","Value imputed by a receiving agency",""
"RL","Land Use","192","Cuba","5110","Area","6655","Permanent meadows and pastures","2020","2020","1000 ha","2839.4","I","Value imputed by a receiving agency",""
"RL","Land Use","192","Cuba","5110","Area","6656","Perm. meadows & pastures - Cultivated","2020","2020","1000 ha","120.7","I","Value imputed by a receiving agency",""
"RL","Land Use","192","Cuba","5110","Area","6659","Perm. meadows & pastures - Nat. growing","2020","2020","1000 ha","2718.7","I","Value imputed by a receiving agency",""
"RL","Land Use","196","Cyprus","5110","Area","6602","Agriculture","2020","2020","1000 ha","128.1377","A","Official figure",""
"RL","Land Use","196","Cyprus","5110","Area","6610","Agricultural land","2020","2020","1000 ha","127.648","A","Official figure",""
"RL","Land Use","196","Cyprus","5110","Area","6620","Cropland","2020","2020","1000 ha","125.391","A","Official figure",""
"RL","Land Use","196","Cyprus","5110","Area","6621","Arable land","2020","2020","1000 ha","99.447","A","Official figure",""
"RL","Land Use","196","Cyprus","5110","Area","6630","Temporary crops","2020","2020","1000 ha","84.814","A","Official figure",""
"RL","Land Use","196","Cyprus","5110","Area","6633","Temporary meadows and pastures","2020","2020","1000 ha","0.541","A","Official figure",""
"RL","Land Use","196","Cyprus","5110","Area","6640","Temporary fallow","2020","2020","1000 ha","14.092","A","Official figure",""
"RL","Land Use","196","Cyprus","5110","Area","6650","Permanent crops","2020","2020","1000 ha","25.944","A","Official figure",""
"RL","Land Use","196","Cyprus","5110","Area","6655","Permanent meadows and pastures","2020","2020","1000 ha","2.257","A","Official figure",""
"RL","Land Use","196","Cyprus","5110","Area","6656","Perm. meadows & pastures - Cultivated","2020","2020","1000 ha","1.3922","A","Official figure",""
"RL","Land Use","196","Cyprus","5110","Area","6659","Perm. meadows & pastures - Nat. growing","2020","2020","1000 ha","0.8648","A","Official figure",""
"RL","Land Use","196","Cyprus","5110","Area","6649","Farm buildings and Farmyards","2020","2020","1000 ha","3.7651","A","Official figure",""
"RL","Land Use","203","Czechia","5110","Area","6602","Agriculture","2020","2020","1000 ha","3523.871","A","Official figure",""
"RL","Land Use","203","Czechia","5110","Area","6610","Agricultural land","2020","2020","1000 ha","3523.871","A","Official figure",""
"RL","Land Use","203","Czechia","5110","Area","6620","Cropland","2020","2020","1000 ha","2534.262","A","Official figure",""
"RL","Land Use","203","Czechia","5110","Area","6621","Arable land","2020","2020","1000 ha","2484.154","A","Official figure",""
"RL","Land Use","203","Czechia","5110","Area","6630","Temporary crops","2020","2020","1000 ha","2415.605","A","Official figure",""
"RL","Land Use","203","Czechia","5110","Area","6633","Temporary meadows and pastures","2020","2020","1000 ha","44.589","A","Official figure",""
"RL","Land Use","203","Czechia","5110","Area","6640","Temporary fallow","2020","2020","1000 ha","23.96","A","Official figure",""
"RL","Land Use","203","Czechia","5110","Area","6650","Permanent crops","2020","2020","1000 ha","50.109","A","Official figure",""
"RL","Land Use","203","Czechia","5110","Area","6655","Permanent meadows and pastures","2020","2020","1000 ha","989.609","A","Official figure",""
"RL","Land Use","408","Democratic People's Republic of Korea","5110","Area","6602","Agriculture","2020","2020","1000 ha","2596.5","I","Value imputed by a receiving agency",""
"RL","Land Use","408","Democratic People's Republic of Korea","5110","Area","6610","Agricultural land","2020","2020","1000 ha","2596.5","I","Value imputed by a receiving agency",""
"RL","Land Use","408","Democratic People's Republic of Korea","5110","Area","6620","Cropland","2020","2020","1000 ha","2546.5","I","Value imputed by a receiving agency",""
"RL","Land Use","408","Democratic People's Republic of Korea","5110","Area","6621","Arable land","2020","2020","1000 ha","2295","I","Value imputed by a receiving agency",""
"RL","Land Use","408","Democratic People's Republic of Korea","5110","Area","6630","Temporary crops","2020","2020","1000 ha","1796","I","Value imputed by a receiving agency",""
"RL","Land Use","408","Democratic People's Republic of Korea","5110","Area","6633","Temporary meadows and pastures","2020","2020","1000 ha","227","I","Value imputed by a receiving agency",""
"RL","Land Use","408","Democratic People's Republic of Korea","5110","Area","6640","Temporary fallow","2020","2020","1000 ha","272","I","Value imputed by a receiving agency",""
"RL","Land Use","408","Democratic People's Republic of Korea","5110","Area","6650","Permanent crops","2020","2020","1000 ha","251.5","I","Value imputed by a receiving agency",""
"RL","Land Use","408","Democratic People's Republic of Korea","5110","Area","6655","Permanent meadows and pastures","2020","2020","1000 ha","50","I","Value imputed by a receiving agency",""
"RL","Land Use","180","Democratic Republic of the Congo","5110","Area","6602","Agriculture","2020","2020","1000 ha","33877.5","I","Value imputed by a receiving agency",""
"RL","Land Use","180","Democratic Republic of the Congo","5110","Area","6610","Agricultural land","2020","2020","1000 ha","33877.5","I","Value imputed by a receiving agency",""
"RL","Land Use","180","Democratic Republic of the Congo","5110","Area","6620","Cropland","2020","2020","1000 ha","15677.5","I","Value imputed by a receiving agency",""
"RL","Land Use","180","Democratic Republic of the Congo","5110","Area","6621","Arable land","2020","2020","1000 ha","13680","I","Value imputed by a receiving agency",""
"RL","Land Use","180","Democratic Republic of the Congo","5110","Area","6630","Temporary crops","2020","2020","1000 ha","10562","I","Value imputed by a receiving agency",""
"RL","Land Use","180","Democratic Republic of the Congo","5110","Area","6633","Temporary meadows and pastures","2020","2020","1000 ha","1497","I","Value imputed by a receiving agency",""
"RL","Land Use","180","Democratic Republic of the Congo","5110","Area","6640","Temporary fallow","2020","2020","1000 ha","1621","I","Value imputed by a receiving agency",""
"RL","Land Use","180","Democratic Republic of the Congo","5110","Area","6650","Permanent crops","2020","2020","1000 ha","1997.5","I","Value imputed by a receiving agency",""
"RL","Land Use","180","Democratic Republic of the Congo","5110","Area","6655","Permanent meadows and pastures","2020","2020","1000 ha","18200","I","Value imputed by a receiving agency",""
"RL","Land Use","208","Denmark","5110","Area","6602","Agriculture","2020","2020","1000 ha","2619.987","A","Official figure",""
"RL","Land Use","208","Denmark","5110","Area","6610","Agricultural land","2020","2020","1000 ha","2619.987","A","Official figure",""
"RL","Land Use","208","Denmark","5110","Area","6620","Cropland","2020","2020","1000 ha","2397.582","A","Official figure",""
"RL","Land Use","208","Denmark","5110","Area","6621","Arable land","2020","2020","1000 ha","2370.93","A","Official figure",""
"RL","Land Use","208","Denmark","5110","Area","6630","Temporary crops","2020","2020","1000 ha","1768.33","A","Official figure",""
"RL","Land Use","208","Denmark","5110","Area","6633","Temporary meadows and pastures","2020","2020","1000 ha","520.873","A","Official figure",""
"RL","Land Use","208","Denmark","5110","Area","6640","Temporary fallow","2020","2020","1000 ha","81.727","A","Official figure",""
"RL","Land Use","208","Denmark","5110","Area","6650","Permanent crops","2020","2020","1000 ha","26.652","A","Official figure",""
"RL","Land Use","208","Denmark","5110","Area","6655","Permanent meadows and pastures","2020","2020","1000 ha","222.405","A","Official figure",""
"RL","Land Use","208","Denmark","5110","Area","6656","Perm. meadows & pastures - Cultivated","2020","2020","1000 ha","222.405","A","Official figure",""
"RL","Land Use","208","Denmark","5110","Area","6659","Perm. meadows & pastures - Nat. growing","2020","2020","1000 ha","0","A","Official figure",""
"RL","Land Use","262","Djibouti","5110","Area","6602","Agriculture","2020","2020","1000 ha","1703.8","I","Value imputed by a receiving agency",""
"RL","Land Use","262","Djibouti","5110","Area","6610","Agricultural land","2020","2020","1000 ha","1703.8","I","Value imputed by a receiving agency",""
"RL","Land Use","262","Djibouti","5110","Area","6620","Cropland","2020","2020","1000 ha","3.8","I","Value imputed by a receiving agency",""
"RL","Land Use","262","Djibouti","5110","Area","6621","Arable land","2020","2020","1000 ha","3","I","Value imputed by a receiving agency",""
"RL","Land Use","262","Djibouti","5110","Area","6630","Temporary crops","2020","2020","1000 ha","2.3162","I","Value imputed by a receiving agency",""
"RL","Land Use","262","Djibouti","5110","Area","6633","Temporary meadows and pastures","2020","2020","1000 ha","0.3283","I","Value imputed by a receiving agency",""
"RL","Land Use","262","Djibouti","5110","Area","6640","Temporary fallow","2020","2020","1000 ha","0.3555","I","Value imputed by a receiving agency",""
"RL","Land Use","262","Djibouti","5110","Area","6650","Permanent crops","2020","2020","1000 ha","0.8","I","Value imputed by a receiving agency",""
"RL","Land Use","262","Djibouti","5110","Area","6655","Permanent meadows and pastures","2020","2020","1000 ha","1700","I","Value imputed by a receiving agency",""
"RL","Land Use","212","Dominica","5110","Area","6602","Agriculture","2020","2020","1000 ha","25","I","Value imputed by a receiving agency",""
"RL","Land Use","212","Dominica","5110","Area","6610","Agricultural land","2020","2020","1000 ha","25","I","Value imputed by a receiving agency",""
"RL","Land Use","212","Dominica","5110","Area","6620","Cropland","2020","2020","1000 ha","23","I","Value imputed by a receiving agency",""
"RL","Land Use","212","Dominica","5110","Area","6621","Arable land","2020","2020","1000 ha","6","I","Value imputed by a receiving agency",""
"RL","Land Use","212","Dominica","5110","Area","6630","Temporary crops","2020","2020","1000 ha","4.6325","I","Value imputed by a receiving agency",""
"RL","Land Use","212","Dominica","5110","Area","6633","Temporary meadows and pastures","2020","2020","1000 ha","0.6566","I","Value imputed by a receiving agency",""
"RL","Land Use","212","Dominica","5110","Area","6640","Temporary fallow","2020","2020","1000 ha","0.7109","I","Value imputed by a receiving agency",""
"RL","Land Use","212","Dominica","5110","Area","6650","Permanent crops","2020","2020","1000 ha","17","I","Value imputed by a receiving agency",""
"RL","Land Use","212","Dominica","5110","Area","6655","Permanent meadows and pastures","2020","2020","1000 ha","2","I","Value imputed by a receiving agency",""
"RL","Land Use","214","Dominican Republic","5110","Area","6602","Agriculture","2020","2020","1000 ha","2521.9321","I","Value imputed by a receiving agency",""
"RL","Land Use","214","Dominican Republic","5110","Area","6610","Agricultural land","2020","2020","1000 ha","2521.9321","I","Value imputed by a receiving agency",""
"RL","Land Use","214","Dominican Republic","5110","Area","6620","Cropland","2020","2020","1000 ha","1378.2181","I","Value imputed by a receiving agency",""
"RL","Land Use","214","Dominican Republic","5110","Area","6621","Arable land","2020","2020","1000 ha","899.2181","I","Value imputed by a receiving agency",""
"RL","Land Use","214","Dominican Republic","5110","Area","6630","Temporary crops","2020","2020","1000 ha","694.2667","I","Value imputed by a receiving agency",""
"RL","Land Use","214","Dominican Republic","5110","Area","6633","Temporary meadows and pastures","2020","2020","1000 ha","98.4055","I","Value imputed by a receiving agency",""
"RL","Land Use","214","Dominican Republic","5110","Area","6640","Temporary fallow","2020","2020","1000 ha","106.5458","I","Value imputed by a receiving agency",""
"RL","Land Use","214","Dominican Republic","5110","Area","6650","Permanent crops","2020","2020","1000 ha","479","I","Value imputed by a receiving agency",""
"RL","Land Use","214","Dominican Republic","5110","Area","6655","Permanent meadows and pastures","2020","2020","1000 ha","1143.7141","I","Value imputed by a receiving agency",""
"RL","Land Use","218","Ecuador","5110","Area","6602","Agriculture","2020","2020","1000 ha","5420","I","Value imputed by a receiving agency",""
"RL","Land Use","218","Ecuador","5110","Area","6610","Agricultural land","2020","2020","1000 ha","5420","A","Official figure",""
"RL","Land Use","218","Ecuador","5110","Area","6620","Cropland","2020","2020","1000 ha","2481","A","Official figure",""
"RL","Land Use","218","Ecuador","5110","Area","6621","Arable land","2020","2020","1000 ha","1038","A","Official figure",""
"RL","Land Use","218","Ecuador","5110","Area","6630","Temporary crops","2020","2020","1000 ha","823","A","Official figure",""
"RL","Land Use","218","Ecuador","5110","Area","6633","Temporary meadows and pastures","2020","2020","1000 ha","0","A","Official figure",""
"RL","Land Use","218","Ecuador","5110","Area","6640","Temporary fallow","2020","2020","1000 ha","215","A","Official figure",""
"RL","Land Use","218","Ecuador","5110","Area","6650","Permanent crops","2020","2020","1000 ha","1443","A","Official figure",""
"RL","Land Use","218","Ecuador","5110","Area","6655","Permanent meadows and pastures","2020","2020","1000 ha","2939","A","Official figure",""
"RL","Land Use","218","Ecuador","5110","Area","6656","Perm. meadows & pastures - Cultivated","2020","2020","1000 ha","2068","A","Official figure",""
"RL","Land Use","218","Ecuador","5110","Area","6659","Perm. meadows & pastures - Nat. growing","2020","2020","1000 ha","871","A","Official figure",""
"RL","Land Use","818","Egypt","5110","Area","6602","Agriculture","2020","2020","1000 ha","3971","I","Value imputed by a receiving agency",""
"RL","Land Use","818","Egypt","5110","Area","6610","Agricultural land","2020","2020","1000 ha","3971","A","Official figure",""
"RL","Land Use","818","Egypt","5110","Area","6620","Cropland","2020","2020","1000 ha","3971","I","Value imputed by a receiving agency",""
"RL","Land Use","818","Egypt","5110","Area","6621","Arable land","2020","2020","1000 ha","3365","I","Value imputed by a receiving agency",""
"RL","Land Use","818","Egypt","5110","Area","6630","Temporary crops","2020","2020","1000 ha","2598.0434","I","Value imputed by a receiving agency",""
"RL","Land Use","818","Egypt","5110","Area","6633","Temporary meadows and pastures","2020","2020","1000 ha","565.5547","I","Value imputed by a receiving agency",""
"RL","Land Use","818","Egypt","5110","Area","6640","Temporary fallow","2020","2020","1000 ha","201.4019","I","Value imputed by a receiving agency",""
"RL","Land Use","818","Egypt","5110","Area","6650","Permanent crops","2020","2020","1000 ha","606","A","Official figure",""
"RL","Land Use","222","El Salvador","5110","Area","6602","Agriculture","2020","2020","1000 ha","1195.7","I","Value imputed by a receiving agency",""
"RL","Land Use","222","El Salvador","5110","Area","6610","Agricultural land","2020","2020","1000 ha","1195.7","I","Value imputed by a receiving agency",""
"RL","Land Use","222","El Salvador","5110","Area","6620","Cropland","2020","2020","1000 ha","881","I","Value imputed by a receiving agency",""
"RL","Land Use","222","El Salvador","5110","Area","6621","Arable land","2020","2020","1000 ha","721","I","Value imputed by a receiving agency",""
"RL","Land Use","222","El Salvador","5110","Area","6630","Temporary crops","2020","2020","1000 ha","423.7","I","Value imputed by a receiving agency",""
"RL","Land Use","222","El Salvador","5110","Area","6633","Temporary meadows and pastures","2020","2020","1000 ha","267.6","I","Value imputed by a receiving agency",""
"RL","Land Use","222","El Salvador","5110","Area","6640","Temporary fallow","2020","2020","1000 ha","29.7","I","Value imputed by a receiving agency",""
"RL","Land Use","222","El Salvador","5110","Area","6650","Permanent crops","2020","2020","1000 ha","160","I","Value imputed by a receiving agency",""
"RL","Land Use","222","El Salvador","5110","Area","6655","Permanent meadows and pastures","2020","2020","1000 ha","314.7","I","Value imputed by a receiving agency",""
"RL","Land Use","222","El Salvador","5110","Area","6656","Perm. meadows & pastures - Cultivated","2020","2020","1000 ha","47.1","I","Value imputed by a receiving agency",""
"RL","Land Use","222","El Salvador","5110","Area","6659","Perm. meadows & pastures - Nat. growing","2020","2020","1000 ha","267.6","I","Value imputed by a receiving agency",""
"RL","Land Use","226","Equatorial Guinea","5110","Area","6602","Agriculture","2020","2020","1000 ha","104.92","I","Value imputed by a receiving agency",""
"RL","Land Use","226","Equatorial Guinea","5110","Area","6610","Agricultural land","2020","2020","1000 ha","104.92","I","Value imputed by a receiving agency",""
"RL","Land Use","226","Equatorial Guinea","5110","Area","6620","Cropland","2020","2020","1000 ha","100","I","Value imputed by a receiving agency",""
"RL","Land Use","226","Equatorial Guinea","5110","Area","6621","Arable land","2020","2020","1000 ha","53","I","Value imputed by a receiving agency",""
"RL","Land Use","226","Equatorial Guinea","5110","Area","6630","Temporary crops","2020","2020","1000 ha","40.9201","I","Value imputed by a receiving agency",""
"RL","Land Use","226","Equatorial Guinea","5110","Area","6633","Temporary meadows and pastures","2020","2020","1000 ha","5.8","I","Value imputed by a receiving agency",""
"RL","Land Use","226","Equatorial Guinea","5110","Area","6640","Temporary fallow","2020","2020","1000 ha","6.2798","I","Value imputed by a receiving agency",""
"RL","Land Use","226","Equatorial Guinea","5110","Area","6650","Permanent crops","2020","2020","1000 ha","47","I","Value imputed by a receiving agency",""
"RL","Land Use","226","Equatorial Guinea","5110","Area","6655","Permanent meadows and pastures","2020","2020","1000 ha","4.92","I","Value imputed by a receiving agency",""
"RL","Land Use","232","Eritrea","5110","Area","6602","Agriculture","2020","2020","1000 ha","7592","I","Value imputed by a receiving agency",""
"RL","Land Use","232","Eritrea","5110","Area","6610","Agricultural land","2020","2020","1000 ha","7592","I","Value imputed by a receiving agency",""
"RL","Land Use","232","Eritrea","5110","Area","6620","Cropland","2020","2020","1000 ha","692","I","Value imputed by a receiving agency",""
"RL","Land Use","232","Eritrea","5110","Area","6621","Arable land","2020","2020","1000 ha","690","I","Value imputed by a receiving agency",""
"RL","Land Use","232","Eritrea","5110","Area","6630","Temporary crops","2020","2020","1000 ha","532.734","I","Value imputed by a receiving agency",""
"RL","Land Use","232","Eritrea","5110","Area","6633","Temporary meadows and pastures","2020","2020","1000 ha","75.5098","I","Value imputed by a receiving agency",""
"RL","Land Use","232","Eritrea","5110","Area","6640","Temporary fallow","2020","2020","1000 ha","81.7562","I","Value imputed by a receiving agency",""
"RL","Land Use","232","Eritrea","5110","Area","6650","Permanent crops","2020","2020","1000 ha","2","I","Value imputed by a receiving agency",""
"RL","Land Use","232","Eritrea","5110","Area","6655","Permanent meadows and pastures","2020","2020","1000 ha","6900","I","Value imputed by a receiving agency",""
"RL","Land Use","233","Estonia","5110","Area","6602","Agriculture","2020","2020","1000 ha","985","I","Value imputed by a receiving agency",""
"RL","Land Use","233","Estonia","5110","Area","6610","Agricultural land","2020","2020","1000 ha","985","A","Official figure",""
"RL","Land Use","233","Estonia","5110","Area","6620","Cropland","2020","2020","1000 ha","699","A","Official figure",""
"RL","Land Use","233","Estonia","5110","Area","6621","Arable land","2020","2020","1000 ha","694","A","Official figure",""
"RL","Land Use","233","Estonia","5110","Area","6630","Temporary crops","2020","2020","1000 ha","509","A","Official figure",""
"RL","Land Use","233","Estonia","5110","Area","6633","Temporary meadows and pastures","2020","2020","1000 ha","175","A","Official figure",""
"RL","Land Use","233","Estonia","5110","Area","6640","Temporary fallow","2020","2020","1000 ha","10","A","Official figure",""
"RL","Land Use","233","Estonia","5110","Area","6650","Permanent crops","2020","2020","1000 ha","5","A","Official figure",""
"RL","Land Use","233","Estonia","5110","Area","6655","Permanent meadows and pastures","2020","2020","1000 ha","286","A","Official figure",""
"RL","Land Use","748","Eswatini","5110","Area","6602","Agriculture","2020","2020","1000 ha","1195","I","Value imputed by a receiving agency",""
"RL","Land Use","748","Eswatini","5110","Area","6610","Agricultural land","2020","2020","1000 ha","1195","I","Value imputed by a receiving agency",""
"RL","Land Use","748","Eswatini","5110","Area","6620","Cropland","2020","2020","1000 ha","195","I","Value imputed by a receiving agency",""
"RL","Land Use","748","Eswatini","5110","Area","6621","Arable land","2020","2020","1000 ha","177","I","Value imputed by a receiving agency",""
"RL","Land Use","748","Eswatini","5110","Area","6630","Temporary crops","2020","2020","1000 ha","169","I","Value imputed by a receiving agency",""
"RL","Land Use","748","Eswatini","5110","Area","6633","Temporary meadows and pastures","2020","2020","1000 ha","3.8411","I","Value imputed by a receiving agency",""
"RL","Land Use","748","Eswatini","5110","Area","6640","Temporary fallow","2020","2020","1000 ha","4.1589","I","Value imputed by a receiving agency",""
"RL","Land Use","748","Eswatini","5110","Area","6650","Permanent crops","2020","2020","1000 ha","18","I","Value imputed by a receiving agency",""
"RL","Land Use","748","Eswatini","5110","Area","6655","Permanent meadows and pastures","2020","2020","1000 ha","1000","I","Value imputed by a receiving agency",""
"RL","Land Use","231","Ethiopia","5110","Area","6602","Agriculture","2020","2020","1000 ha","38476.1","I","Value imputed by a receiving agency",""
"RL","Land Use","231","Ethiopia","5110","Area","6610","Agricultural land","2020","2020","1000 ha","38476.1","I","Value imputed by a receiving agency",""
"RL","Land Use","231","Ethiopia","5110","Area","6620","Cropland","2020","2020","1000 ha","18476.1","A","Official figure",""
"RL","Land Use","231","Ethiopia","5110","Area","6621","Arable land","2020","2020","1000 ha","16195.1","I","Value imputed by a receiving agency",""
"RL","Land Use","231","Ethiopia","5110","Area","6630","Temporary crops","2020","2020","1000 ha","14011.1","I","Value imputed by a receiving agency",""
"RL","Land Use","231","Ethiopia","5110","Area","6633","Temporary meadows and pastures","2020","2020","1000 ha","1710","I","Value imputed by a receiving agency",""
"RL","Land Use","231","Ethiopia","5110","Area","6640","Temporary fallow","2020","2020","1000 ha","474","I","Value imputed by a receiving agency",""
"RL","Land Use","231","Ethiopia","5110","Area","6650","Permanent crops","2020","2020","1000 ha","2281","A","Official figure",""
"RL","Land Use","231","Ethiopia","5110","Area","6655","Permanent meadows and pastures","2020","2020","1000 ha","20000","I","Value imputed by a receiving agency",""
"RL","Land Use","238","Falkland Islands (Malvinas)","5110","Area","6602","Agriculture","2020","2020","1000 ha","1135.7","I","Value imputed by a receiving agency",""
"RL","Land Use","238","Falkland Islands (Malvinas)","5110","Area","6610","Agricultural land","2020","2020","1000 ha","1135.7","I","Value imputed by a receiving agency",""
"RL","Land Use","238","Falkland Islands (Malvinas)","5110","Area","6655","Permanent meadows and pastures","2020","2020","1000 ha","1135.7","A","Official figure",""
"RL","Land Use","234","Faroe Islands","5110","Area","6602","Agriculture","2020","2020","1000 ha","96.0702","A","Official figure",""
"RL","Land Use","234","Faroe Islands","5110","Area","6610","Agricultural land","2020","2020","1000 ha","96.07","A","Official figure",""
"RL","Land Use","234","Faroe Islands","5110","Area","6620","Cropland","2020","2020","1000 ha","0.07","A","Official figure",""
"RL","Land Use","234","Faroe Islands","5110","Area","6621","Arable land","2020","2020","1000 ha","0.07","A","Official figure",""
"RL","Land Use","234","Faroe Islands","5110","Area","6630","Temporary crops","2020","2020","1000 ha","0.054","I","Value imputed by a receiving agency",""
"RL","Land Use","234","Faroe Islands","5110","Area","6633","Temporary meadows and pastures","2020","2020","1000 ha","0.0077","I","Value imputed by a receiving agency",""
"RL","Land Use","234","Faroe Islands","5110","Area","6640","Temporary fallow","2020","2020","1000 ha","0.0083","I","Value imputed by a receiving agency",""
"RL","Land Use","234","Faroe Islands","5110","Area","6655","Permanent meadows and pastures","2020","2020","1000 ha","96","A","Official figure",""
"RL","Land Use","234","Faroe Islands","5110","Area","6656","Perm. meadows & pastures - Cultivated","2020","2020","1000 ha","7.2","A","Official figure",""
"RL","Land Use","234","Faroe Islands","5110","Area","6659","Perm. meadows & pastures - Nat. growing","2020","2020","1000 ha","88.8","A","Official figure",""
"RL","Land Use","234","Faroe Islands","5110","Area","6649","Farm buildings and Farmyards","2020","2020","1000 ha","0.0002","A","Official figure",""
"RL","Land Use","242","Fiji","5110","Area","6602","Agriculture","2020","2020","1000 ha","311.6","I","Value imputed by a receiving agency",""
"RL","Land Use","242","Fiji","5110","Area","6610","Agricultural land","2020","2020","1000 ha","311.6","I","Value imputed by a receiving agency",""
"RL","Land Use","242","Fiji","5110","Area","6620","Cropland","2020","2020","1000 ha","138.6","A","Official figure",""
"RL","Land Use","242","Fiji","5110","Area","6621","Arable land","2020","2020","1000 ha","76.8","A","Official figure",""
"RL","Land Use","242","Fiji","5110","Area","6630","Temporary crops","2020","2020","1000 ha","44.3","A","Official figure",""
"RL","Land Use","242","Fiji","5110","Area","6633","Temporary meadows and pastures","2020","2020","1000 ha","20.1","A","Official figure",""
"RL","Land Use","242","Fiji","5110","Area","6640","Temporary fallow","2020","2020","1000 ha","12.4","A","Official figure",""
"RL","Land Use","242","Fiji","5110","Area","6650","Permanent crops","2020","2020","1000 ha","61.8","A","Official figure",""
"RL","Land Use","242","Fiji","5110","Area","6655","Permanent meadows and pastures","2020","2020","1000 ha","173","I","Value imputed by a receiving agency",""
"RL","Land Use","246","Finland","5110","Area","6602","Agriculture","2020","2020","1000 ha","2270","I","Value imputed by a receiving agency",""
"RL","Land Use","246","Finland","5110","Area","6610","Agricultural land","2020","2020","1000 ha","2270","A","Official figure",""
"RL","Land Use","246","Finland","5110","Area","6620","Cropland","2020","2020","1000 ha","2248","A","Official figure",""
"RL","Land Use","246","Finland","5110","Area","6621","Arable land","2020","2020","1000 ha","2243","A","Official figure",""
"RL","Land Use","246","Finland","5110","Area","6630","Temporary crops","2020","2020","1000 ha","1255","A","Official figure",""
"RL","Land Use","246","Finland","5110","Area","6633","Temporary meadows and pastures","2020","2020","1000 ha","781","A","Official figure",""
"RL","Land Use","246","Finland","5110","Area","6640","Temporary fallow","2020","2020","1000 ha","207","A","Official figure",""
"RL","Land Use","246","Finland","5110","Area","6650","Permanent crops","2020","2020","1000 ha","5","A","Official figure",""
"RL","Land Use","246","Finland","5110","Area","6655","Permanent meadows and pastures","2020","2020","1000 ha","22","A","Official figure",""
"RL","Land Use","250","France","5110","Area","6602","Agriculture","2020","2020","1000 ha","28418.656","A","Official figure",""
"RL","Land Use","250","France","5110","Area","6610","Agricultural land","2020","2020","1000 ha","28418.656","B","Time series break",""
"RL","Land Use","250","France","5110","Area","6620","Cropland","2020","2020","1000 ha","18021.58","B","Time series break",""
"RL","Land Use","250","France","5110","Area","6621","Arable land","2020","2020","1000 ha","16984.666","B","Time series break",""
"RL","Land Use","250","France","5110","Area","6630","Temporary crops","2020","2020","1000 ha","14211.479","B","Time series break",""
"RL","Land Use","250","France","5110","Area","6633","Temporary meadows and pastures","2020","2020","1000 ha","2330.436","B","Time series break",""
"RL","Land Use","250","France","5110","Area","6640","Temporary fallow","2020","2020","1000 ha","442.751","B","Time series break",""
"RL","Land Use","250","France","5110","Area","6650","Permanent crops","2020","2020","1000 ha","1036.914","A","Official figure",""
"RL","Land Use","250","France","5110","Area","6655","Permanent meadows and pastures","2020","2020","1000 ha","10397.076","A","Official figure",""
"RL","Land Use","250","France","5110","Area","6656","Perm. meadows & pastures - Cultivated","2020","2020","1000 ha","8700.688","A","Official figure",""
"RL","Land Use","250","France","5110","Area","6659","Perm. meadows & pastures - Nat. growing","2020","2020","1000 ha","1696.388","A","Official figure",""
"RL","Land Use","254","French Guiana","5110","Area","6602","Agriculture","2020","2020","1000 ha","37.058","I","Value imputed by a receiving agency",""
"RL","Land Use","254","French Guiana","5110","Area","6610","Agricultural land","2020","2020","1000 ha","37.058","B","Time series break",""
"RL","Land Use","254","French Guiana","5110","Area","6620","Cropland","2020","2020","1000 ha","16.384","B","Time series break",""
"RL","Land Use","254","French Guiana","5110","Area","6621","Arable land","2020","2020","1000 ha","10.55","B","Time series break",""
"RL","Land Use","254","French Guiana","5110","Area","6630","Temporary crops","2020","2020","1000 ha","5.601","B","Time series break",""
"RL","Land Use","254","French Guiana","5110","Area","6633","Temporary meadows and pastures","2020","2020","1000 ha","0.648","B","Time series break",""
"RL","Land Use","254","French Guiana","5110","Area","6640","Temporary fallow","2020","2020","1000 ha","4.301","B","Time series break",""
"RL","Land Use","254","French Guiana","5110","Area","6650","Permanent crops","2020","2020","1000 ha","5.834","B","Time series break",""
"RL","Land Use","254","French Guiana","5110","Area","6655","Permanent meadows and pastures","2020","2020","1000 ha","20.674","B","Time series break",""
"RL","Land Use","254","French Guiana","5110","Area","6656","Perm. meadows & pastures - Cultivated","2020","2020","1000 ha","18.297","B","Time series break",""
"RL","Land Use","254","French Guiana","5110","Area","6659","Perm. meadows & pastures - Nat. growing","2020","2020","1000 ha","2.377","B","Time series break",""
"RL","Land Use","258","French Polynesia","5110","Area","6602","Agriculture","2020","2020","1000 ha","31.5366","I","Value imputed by a receiving agency",""
"RL","Land Use","258","French Polynesia","5110","Area","6610","Agricultural land","2020","2020","1000 ha","31.5366","I","Value imputed by a receiving agency",""
"RL","Land Use","258","French Polynesia","5110","Area","6620","Cropland","2020","2020","1000 ha","28.5","I","Value imputed by a receiving agency",""
"RL","Land Use","258","French Polynesia","5110","Area","6621","Arable land","2020","2020","1000 ha","2.5","I","Value imputed by a receiving agency",""
"RL","Land Use","258","French Polynesia","5110","Area","6630","Temporary crops","2020","2020","1000 ha","1.9302","I","Value imputed by a receiving agency",""
"RL","Land Use","258","French Polynesia","5110","Area","6633","Temporary meadows and pastures","2020","2020","1000 ha","0.1535","I","Value imputed by a receiving agency",""
"RL","Land Use","258","French Polynesia","5110","Area","6640","Temporary fallow","2020","2020","1000 ha","0.4163","I","Value imputed by a receiving agency",""
"RL","Land Use","258","French Polynesia","5110","Area","6650","Permanent crops","2020","2020","1000 ha","26","I","Value imputed by a receiving agency",""
"RL","Land Use","258","French Polynesia","5110","Area","6655","Permanent meadows and pastures","2020","2020","1000 ha","3.0366","I","Value imputed by a receiving agency",""
"RL","Land Use","266","Gabon","5110","Area","6602","Agriculture","2020","2020","1000 ha","2153.236","I","Value imputed by a receiving agency",""
"RL","Land Use","266","Gabon","5110","Area","6610","Agricultural land","2020","2020","1000 ha","2153.236","I","Value imputed by a receiving agency",""
"RL","Land Use","266","Gabon","5110","Area","6620","Cropland","2020","2020","1000 ha","495","I","Value imputed by a receiving agency",""
"RL","Land Use","266","Gabon","5110","Area","6621","Arable land","2020","2020","1000 ha","325","I","Value imputed by a receiving agency",""
"RL","Land Use","266","Gabon","5110","Area","6630","Temporary crops","2020","2020","1000 ha","250.9254","I","Value imputed by a receiving agency",""
"RL","Land Use","266","Gabon","5110","Area","6633","Temporary meadows and pastures","2020","2020","1000 ha","35.5662","I","Value imputed by a receiving agency",""
"RL","Land Use","266","Gabon","5110","Area","6640","Temporary fallow","2020","2020","1000 ha","38.5083","I","Value imputed by a receiving agency",""
"RL","Land Use","266","Gabon","5110","Area","6650","Permanent crops","2020","2020","1000 ha","170","I","Value imputed by a receiving agency",""
"RL","Land Use","266","Gabon","5110","Area","6655","Permanent meadows and pastures","2020","2020","1000 ha","1658.236","I","Value imputed by a receiving agency",""
"RL","Land Use","270","Gambia","5110","Area","6602","Agriculture","2020","2020","1000 ha","634","I","Value imputed by a receiving agency",""
"RL","Land Use","270","Gambia","5110","Area","6610","Agricultural land","2020","2020","1000 ha","634","I","Value imputed by a receiving agency",""
"RL","Land Use","270","Gambia","5110","Area","6620","Cropland","2020","2020","1000 ha","447","I","Value imputed by a receiving agency",""
"RL","Land Use","270","Gambia","5110","Area","6621","Arable land","2020","2020","1000 ha","440","I","Value imputed by a receiving agency",""
"RL","Land Use","270","Gambia","5110","Area","6630","Temporary crops","2020","2020","1000 ha","339.7144","I","Value imputed by a receiving agency",""
"RL","Land Use","270","Gambia","5110","Area","6633","Temporary meadows and pastures","2020","2020","1000 ha","48.1512","I","Value imputed by a receiving agency",""
"RL","Land Use","270","Gambia","5110","Area","6640","Temporary fallow","2020","2020","1000 ha","52.1344","I","Value imputed by a receiving agency",""
"RL","Land Use","270","Gambia","5110","Area","6650","Permanent crops","2020","2020","1000 ha","7","I","Value imputed by a receiving agency",""
"RL","Land Use","270","Gambia","5110","Area","6655","Permanent meadows and pastures","2020","2020","1000 ha","187","I","Value imputed by a receiving agency",""
"RL","Land Use","268","Georgia","5110","Area","6602","Agriculture","2020","2020","1000 ha","2377.9","I","Value imputed by a receiving agency",""
"RL","Land Use","268","Georgia","5110","Area","6610","Agricultural land","2020","2020","1000 ha","2377.9","I","Value imputed by a receiving agency",""
"RL","Land Use","268","Georgia","5110","Area","6620","Cropland","2020","2020","1000 ha","437.9","I","Value imputed by a receiving agency",""
"RL","Land Use","268","Georgia","5110","Area","6621","Arable land","2020","2020","1000 ha","310","I","Value imputed by a receiving agency",""
"RL","Land Use","268","Georgia","5110","Area","6630","Temporary crops","2020","2020","1000 ha","210","A","Official figure",""
"RL","Land Use","268","Georgia","5110","Area","6633","Temporary meadows and pastures","2020","2020","1000 ha","5.9","I","Value imputed by a receiving agency",""
"RL","Land Use","268","Georgia","5110","Area","6640","Temporary fallow","2020","2020","1000 ha","94.1","I","Value imputed by a receiving agency",""
"RL","Land Use","268","Georgia","5110","Area","6650","Permanent crops","2020","2020","1000 ha","127.9","A","Official figure",""
"RL","Land Use","268","Georgia","5110","Area","6655","Permanent meadows and pastures","2020","2020","1000 ha","1940","I","Value imputed by a receiving agency",""
"RL","Land Use","268","Georgia","5110","Area","6656","Perm. meadows & pastures - Cultivated","2020","2020","1000 ha","4","I","Value imputed by a receiving agency",""
"RL","Land Use","268","Georgia","5110","Area","6659","Perm. meadows & pastures - Nat. growing","2020","2020","1000 ha","1936","I","Value imputed by a receiving agency",""
"RL","Land Use","276","Germany","5110","Area","6602","Agriculture","2020","2020","1000 ha","18314","A","Official figure",""
"RL","Land Use","276","Germany","5110","Area","6610","Agricultural land","2020","2020","1000 ha","16595","A","Official figure",""
"RL","Land Use","276","Germany","5110","Area","6620","Cropland","2020","2020","1000 ha","11862","A","Official figure",""
"RL","Land Use","276","Germany","5110","Area","6621","Arable land","2020","2020","1000 ha","11664","A","Official figure",""
"RL","Land Use","276","Germany","5110","Area","6630","Temporary crops","2020","2020","1000 ha","8213","A","Official figure",""
"RL","Land Use","276","Germany","5110","Area","6633","Temporary meadows and pastures","2020","2020","1000 ha","3093","A","Official figure",""
"RL","Land Use","276","Germany","5110","Area","6640","Temporary fallow","2020","2020","1000 ha","358","A","Official figure",""
"RL","Land Use","276","Germany","5110","Area","6650","Permanent crops","2020","2020","1000 ha","198","A","Official figure",""
"RL","Land Use","276","Germany","5110","Area","6655","Permanent meadows and pastures","2020","2020","1000 ha","4730","A","Official figure",""
"RL","Land Use","288","Ghana","5110","Area","6602","Agriculture","2020","2020","1000 ha","12603.74","I","Value imputed by a receiving agency",""
"RL","Land Use","288","Ghana","5110","Area","6610","Agricultural land","2020","2020","1000 ha","12603.74","I","Value imputed by a receiving agency",""
"RL","Land Use","288","Ghana","5110","Area","6620","Cropland","2020","2020","1000 ha","7417.5","A","Official figure",""
"RL","Land Use","288","Ghana","5110","Area","6621","Arable land","2020","2020","1000 ha","4709.9","A","Official figure",""
"RL","Land Use","288","Ghana","5110","Area","6630","Temporary crops","2020","2020","1000 ha","3636.4114","I","Value imputed by a receiving agency",""
"RL","Land Use","288","Ghana","5110","Area","6633","Temporary meadows and pastures","2020","2020","1000 ha","515.4257","I","Value imputed by a receiving agency",""
"RL","Land Use","288","Ghana","5110","Area","6640","Temporary fallow","2020","2020","1000 ha","558.0629","I","Value imputed by a receiving agency",""
"RL","Land Use","288","Ghana","5110","Area","6650","Permanent crops","2020","2020","1000 ha","2707.6","A","Official figure",""
"RL","Land Use","288","Ghana","5110","Area","6655","Permanent meadows and pastures","2020","2020","1000 ha","5186.24","I","Value imputed by a receiving agency",""
"RL","Land Use","300","Greece","5110","Area","6602","Agriculture","2020","2020","1000 ha","5631.9004","I","Value imputed by a receiving agency",""
"RL","Land Use","300","Greece","5110","Area","6610","Agricultural land","2020","2020","1000 ha","5624.6605","A","Official figure",""
"RL","Land Use","300","Greece","5110","Area","6620","Cropland","2020","2020","1000 ha","2811.203","A","Official figure",""
"RL","Land Use","300","Greece","5110","Area","6621","Arable land","2020","2020","1000 ha","1803.6602","A","Official figure",""
"RL","Land Use","300","Greece","5110","Area","6630","Temporary crops","2020","2020","1000 ha","1658.5751","A","Official figure",""
"RL","Land Use","300","Greece","5110","Area","6633","Temporary meadows and pastures","2020","2020","1000 ha","0","I","Value imputed by a receiving agency",""
"RL","Land Use","300","Greece","5110","Area","6640","Temporary fallow","2020","2020","1000 ha","145.0851","A","Official figure",""
"RL","Land Use","300","Greece","5110","Area","6650","Permanent crops","2020","2020","1000 ha","1007.5428","A","Official figure",""
"RL","Land Use","300","Greece","5110","Area","6655","Permanent meadows and pastures","2020","2020","1000 ha","2813.4575","A","Official figure",""
"RL","Land Use","300","Greece","5110","Area","6656","Perm. meadows & pastures - Cultivated","2020","2020","1000 ha","1803.8774","A","Official figure",""
"RL","Land Use","300","Greece","5110","Area","6659","Perm. meadows & pastures - Nat. growing","2020","2020","1000 ha","1009.5801","A","Official figure",""
"RL","Land Use","300","Greece","5110","Area","6649","Farm buildings and Farmyards","2020","2020","1000 ha","7.2399","I","Value imputed by a receiving agency",""
"RL","Land Use","304","Greenland","5110","Area","6602","Agriculture","2020","2020","1000 ha","243.11","I","Value imputed by a receiving agency",""
"RL","Land Use","304","Greenland","5110","Area","6610","Agricultural land","2020","2020","1000 ha","243.11","I","Value imputed by a receiving agency",""
"RL","Land Use","304","Greenland","5110","Area","6655","Permanent meadows and pastures","2020","2020","1000 ha","243.11","A","Official figure",""
"RL","Land Use","304","Greenland","5110","Area","6656","Perm. meadows & pastures - Cultivated","2020","2020","1000 ha","1.11","A","Official figure",""
"RL","Land Use","304","Greenland","5110","Area","6659","Perm. meadows & pastures - Nat. growing","2020","2020","1000 ha","242","A","Official figure",""
"RL","Land Use","308","Grenada","5110","Area","6602","Agriculture","2020","2020","1000 ha","8","I","Value imputed by a receiving agency",""
"RL","Land Use","308","Grenada","5110","Area","6610","Agricultural land","2020","2020","1000 ha","8","I","Value imputed by a receiving agency",""
"RL","Land Use","308","Grenada","5110","Area","6620","Cropland","2020","2020","1000 ha","7","I","Value imputed by a receiving agency",""
"RL","Land Use","308","Grenada","5110","Area","6621","Arable land","2020","2020","1000 ha","3","I","Value imputed by a receiving agency",""
"RL","Land Use","308","Grenada","5110","Area","6630","Temporary crops","2020","2020","1000 ha","2.3162","I","Value imputed by a receiving agency",""
"RL","Land Use","308","Grenada","5110","Area","6633","Temporary meadows and pastures","2020","2020","1000 ha","0.3283","I","Value imputed by a receiving agency",""
"RL","Land Use","308","Grenada","5110","Area","6640","Temporary fallow","2020","2020","1000 ha","0.3555","I","Value imputed by a receiving agency",""
"RL","Land Use","308","Grenada","5110","Area","6650","Permanent crops","2020","2020","1000 ha","4","I","Value imputed by a receiving agency",""
"RL","Land Use","308","Grenada","5110","Area","6655","Permanent meadows and pastures","2020","2020","1000 ha","1","I","Value imputed by a receiving agency",""
"RL","Land Use","312","Guadeloupe","5110","Area","6602","Agriculture","2020","2020","1000 ha","45.883","B","Time series break",""
"RL","Land Use","312","Guadeloupe","5110","Area","6610","Agricultural land","2020","2020","1000 ha","45.883","B","Time series break",""
"RL","Land Use","312","Guadeloupe","5110","Area","6620","Cropland","2020","2020","1000 ha","21.684","B","Time series break",""
"RL","Land Use","312","Guadeloupe","5110","Area","6621","Arable land","2020","2020","1000 ha","18.653","A","Official figure",""
"RL","Land Use","312","Guadeloupe","5110","Area","6630","Temporary crops","2020","2020","1000 ha","16.092","B","Time series break",""
"RL","Land Use","312","Guadeloupe","5110","Area","6633","Temporary meadows and pastures","2020","2020","1000 ha","0.01","B","Time series break",""
"RL","Land Use","312","Guadeloupe","5110","Area","6640","Temporary fallow","2020","2020","1000 ha","2.551","B","Time series break",""
"RL","Land Use","312","Guadeloupe","5110","Area","6650","Permanent crops","2020","2020","1000 ha","3.031","B","Time series break",""
"RL","Land Use","312","Guadeloupe","5110","Area","6655","Permanent meadows and pastures","2020","2020","1000 ha","24.199","B","Time series break",""
"RL","Land Use","312","Guadeloupe","5110","Area","6656","Perm. meadows & pastures - Cultivated","2020","2020","1000 ha","11.188","B","Time series break",""
"RL","Land Use","312","Guadeloupe","5110","Area","6659","Perm. meadows & pastures - Nat. growing","2020","2020","1000 ha","13.011","B","Time series break",""
"RL","Land Use","316","Guam","5110","Area","6602","Agriculture","2020","2020","1000 ha","16","I","Value imputed by a receiving agency",""
"RL","Land Use","316","Guam","5110","Area","6610","Agricultural land","2020","2020","1000 ha","16","I","Value imputed by a receiving agency",""
"RL","Land Use","316","Guam","5110","Area","6620","Cropland","2020","2020","1000 ha","8","I","Value imputed by a receiving agency",""
"RL","Land Use","316","Guam","5110","Area","6621","Arable land","2020","2020","1000 ha","1","I","Value imputed by a receiving agency",""
"RL","Land Use","316","Guam","5110","Area","6630","Temporary crops","2020","2020","1000 ha","0.7721","I","Value imputed by a receiving agency",""
"RL","Land Use","316","Guam","5110","Area","6633","Temporary meadows and pastures","2020","2020","1000 ha","0.1094","I","Value imputed by a receiving agency",""
"RL","Land Use","316","Guam","5110","Area","6640","Temporary fallow","2020","2020","1000 ha","0.1185","I","Value imputed by a receiving agency",""
"RL","Land Use","316","Guam","5110","Area","6650","Permanent crops","2020","2020","1000 ha","7","I","Value imputed by a receiving agency",""
"RL","Land Use","316","Guam","5110","Area","6655","Permanent meadows and pastures","2020","2020","1000 ha","8","I","Value imputed by a receiving agency",""
"RL","Land Use","320","Guatemala","5110","Area","6602","Agriculture","2020","2020","1000 ha","4612","I","Value imputed by a receiving agency",""
"RL","Land Use","320","Guatemala","5110","Area","6610","Agricultural land","2020","2020","1000 ha","4612","I","Value imputed by a receiving agency",""
"RL","Land Use","320","Guatemala","5110","Area","6620","Cropland","2020","2020","1000 ha","2737","I","Value imputed by a receiving agency",""
"RL","Land Use","320","Guatemala","5110","Area","6621","Arable land","2020","2020","1000 ha","1554","I","Value imputed by a receiving agency",""
"RL","Land Use","320","Guatemala","5110","Area","6630","Temporary crops","2020","2020","1000 ha","1384","I","Value imputed by a receiving agency",""
"RL","Land Use","320","Guatemala","5110","Area","6633","Temporary meadows and pastures","2020","2020","1000 ha","0","I","Value imputed by a receiving agency",""
"RL","Land Use","320","Guatemala","5110","Area","6640","Temporary fallow","2020","2020","1000 ha","170","I","Value imputed by a receiving agency",""
"RL","Land Use","320","Guatemala","5110","Area","6650","Permanent crops","2020","2020","1000 ha","1183","I","Value imputed by a receiving agency",""
"RL","Land Use","320","Guatemala","5110","Area","6655","Permanent meadows and pastures","2020","2020","1000 ha","1875","A","Official figure",""
"RL","Land Use","320","Guatemala","5110","Area","6656","Perm. meadows & pastures - Cultivated","2020","2020","1000 ha","341","A","Official figure",""
"RL","Land Use","320","Guatemala","5110","Area","6659","Perm. meadows & pastures - Nat. growing","2020","2020","1000 ha","1534","A","Official figure",""
"RL","Land Use","324","Guinea","5110","Area","6602","Agriculture","2020","2020","1000 ha","16978.5307","I","Value imputed by a receiving agency",""
"RL","Land Use","324","Guinea","5110","Area","6610","Agricultural land","2020","2020","1000 ha","16978.5307","I","Value imputed by a receiving agency",""
"RL","Land Use","324","Guinea","5110","Area","6620","Cropland","2020","2020","1000 ha","6278.5307","I","Value imputed by a receiving agency",""
"RL","Land Use","324","Guinea","5110","Area","6621","Arable land","2020","2020","1000 ha","4953.3307","I","Value imputed by a receiving agency",""
"RL","Land Use","324","Guinea","5110","Area","6630","Temporary crops","2020","2020","1000 ha","4192.7955","I","Value imputed by a receiving agency",""
"RL","Land Use","324","Guinea","5110","Area","6633","Temporary meadows and pastures","2020","2020","1000 ha","0","I","Value imputed by a receiving agency",""
"RL","Land Use","324","Guinea","5110","Area","6640","Temporary fallow","2020","2020","1000 ha","760.5352","I","Value imputed by a receiving agency",""
"RL","Land Use","324","Guinea","5110","Area","6650","Permanent crops","2020","2020","1000 ha","1325.2","I","Value imputed by a receiving agency",""
"RL","Land Use","324","Guinea","5110","Area","6655","Permanent meadows and pastures","2020","2020","1000 ha","10700","I","Value imputed by a receiving agency",""
"RL","Land Use","624","Guinea-Bissau","5110","Area","6602","Agriculture","2020","2020","1000 ha","824.9114","I","Value imputed by a receiving agency",""
"RL","Land Use","624","Guinea-Bissau","5110","Area","6610","Agricultural land","2020","2020","1000 ha","824.9114","I","Value imputed by a receiving agency",""
"RL","Land Use","624","Guinea-Bissau","5110","Area","6620","Cropland","2020","2020","1000 ha","624.9114","I","Value imputed by a receiving agency",""
"RL","Land Use","624","Guinea-Bissau","5110","Area","6621","Arable land","2020","2020","1000 ha","374.9114","I","Value imputed by a receiving agency",""
"RL","Land Use","624","Guinea-Bissau","5110","Area","6630","Temporary crops","2020","2020","1000 ha","304.3117","I","Value imputed by a receiving agency",""
"RL","Land Use","624","Guinea-Bissau","5110","Area","6633","Temporary meadows and pastures","2020","2020","1000 ha","33.0731","I","Value imputed by a receiving agency",""
"RL","Land Use","624","Guinea-Bissau","5110","Area","6640","Temporary fallow","2020","2020","1000 ha","37.5266","I","Value imputed by a receiving agency",""
"RL","Land Use","624","Guinea-Bissau","5110","Area","6650","Permanent crops","2020","2020","1000 ha","250","I","Value imputed by a receiving agency",""
"RL","Land Use","624","Guinea-Bissau","5110","Area","6655","Permanent meadows and pastures","2020","2020","1000 ha","200","I","Value imputed by a receiving agency",""
"RL","Land Use","328","Guyana","5110","Area","6602","Agriculture","2020","2020","1000 ha","719","I","Value imputed by a receiving agency",""
"RL","Land Use","328","Guyana","5110","Area","6610","Agricultural land","2020","2020","1000 ha","719","I","Value imputed by a receiving agency",""
"RL","Land Use","328","Guyana","5110","Area","6620","Cropland","2020","2020","1000 ha","125","I","Value imputed by a receiving agency",""
"RL","Land Use","328","Guyana","5110","Area","6621","Arable land","2020","2020","1000 ha","97","I","Value imputed by a receiving agency",""
"RL","Land Use","328","Guyana","5110","Area","6630","Temporary crops","2020","2020","1000 ha","74.8916","I","Value imputed by a receiving agency",""
"RL","Land Use","328","Guyana","5110","Area","6633","Temporary meadows and pastures","2020","2020","1000 ha","10.6151","I","Value imputed by a receiving agency",""
"RL","Land Use","328","Guyana","5110","Area","6640","Temporary fallow","2020","2020","1000 ha","11.4933","I","Value imputed by a receiving agency",""
"RL","Land Use","328","Guyana","5110","Area","6650","Permanent crops","2020","2020","1000 ha","28","I","Value imputed by a receiving agency",""
"RL","Land Use","328","Guyana","5110","Area","6655","Permanent meadows and pastures","2020","2020","1000 ha","594","I","Value imputed by a receiving agency",""
"RL","Land Use","332","Haiti","5110","Area","6602","Agriculture","2020","2020","1000 ha","1790","I","Value imputed by a receiving agency",""
"RL","Land Use","332","Haiti","5110","Area","6610","Agricultural land","2020","2020","1000 ha","1790","I","Value imputed by a receiving agency",""
"RL","Land Use","332","Haiti","5110","Area","6620","Cropland","2020","2020","1000 ha","1300","I","Value imputed by a receiving agency",""
"RL","Land Use","332","Haiti","5110","Area","6621","Arable land","2020","2020","1000 ha","1000","I","Value imputed by a receiving agency",""
"RL","Land Use","332","Haiti","5110","Area","6630","Temporary crops","2020","2020","1000 ha","772.0783","I","Value imputed by a receiving agency",""
"RL","Land Use","332","Haiti","5110","Area","6633","Temporary meadows and pastures","2020","2020","1000 ha","223.2517","I","Value imputed by a receiving agency",""
"RL","Land Use","332","Haiti","5110","Area","6640","Temporary fallow","2020","2020","1000 ha","4.6701","I","Value imputed by a receiving agency",""
"RL","Land Use","332","Haiti","5110","Area","6650","Permanent crops","2020","2020","1000 ha","300","I","Value imputed by a receiving agency",""
"RL","Land Use","332","Haiti","5110","Area","6655","Permanent meadows and pastures","2020","2020","1000 ha","490","I","Value imputed by a receiving agency",""
"RL","Land Use","340","Honduras","5110","Area","6602","Agriculture","2020","2020","1000 ha","3538","I","Value imputed by a receiving agency",""
"RL","Land Use","340","Honduras","5110","Area","6610","Agricultural land","2020","2020","1000 ha","3538","I","Value imputed by a receiving agency",""
"RL","Land Use","340","Honduras","5110","Area","6620","Cropland","2020","2020","1000 ha","1594","I","Value imputed by a receiving agency",""
"RL","Land Use","340","Honduras","5110","Area","6621","Arable land","2020","2020","1000 ha","1018","I","Value imputed by a receiving agency",""
"RL","Land Use","340","Honduras","5110","Area","6630","Temporary crops","2020","2020","1000 ha","785.9757","I","Value imputed by a receiving agency",""
"RL","Land Use","340","Honduras","5110","Area","6633","Temporary meadows and pastures","2020","2020","1000 ha","111.4044","I","Value imputed by a receiving agency",""
"RL","Land Use","340","Honduras","5110","Area","6640","Temporary fallow","2020","2020","1000 ha","120.62","I","Value imputed by a receiving agency",""
"RL","Land Use","340","Honduras","5110","Area","6650","Permanent crops","2020","2020","1000 ha","576","I","Value imputed by a receiving agency",""
"RL","Land Use","340","Honduras","5110","Area","6655","Permanent meadows and pastures","2020","2020","1000 ha","1944","I","Value imputed by a receiving agency",""
"RL","Land Use","348","Hungary","5110","Area","6602","Agriculture","2020","2020","1000 ha","4921.7986","A","Official figure",""
"RL","Land Use","348","Hungary","5110","Area","6610","Agricultural land","2020","2020","1000 ha","4916.6726","A","Official figure",""
"RL","Land Use","348","Hungary","5110","Area","6620","Cropland","2020","2020","1000 ha","4184.1357","A","Official figure",""
"RL","Land Use","348","Hungary","5110","Area","6621","Arable land","2020","2020","1000 ha","4025.9695","A","Official figure",""
"RL","Land Use","348","Hungary","5110","Area","6630","Temporary crops","2020","2020","1000 ha","3774.0818","A","Official figure",""
"RL","Land Use","348","Hungary","5110","Area","6633","Temporary meadows and pastures","2020","2020","1000 ha","76.2198","A","Official figure",""
"RL","Land Use","348","Hungary","5110","Area","6640","Temporary fallow","2020","2020","1000 ha","175.668","A","Official figure",""
"RL","Land Use","348","Hungary","5110","Area","6650","Permanent crops","2020","2020","1000 ha","158.1662","A","Official figure",""
"RL","Land Use","348","Hungary","5110","Area","6655","Permanent meadows and pastures","2020","2020","1000 ha","732.5369","A","Official figure",""
"RL","Land Use","348","Hungary","5110","Area","6656","Perm. meadows & pastures - Cultivated","2020","2020","1000 ha","9.237","A","Official figure",""
"RL","Land Use","348","Hungary","5110","Area","6659","Perm. meadows & pastures - Nat. growing","2020","2020","1000 ha","662.575","A","Official figure",""
"RL","Land Use","348","Hungary","5110","Area","6649","Farm buildings and Farmyards","2020","2020","1000 ha","5.1259","A","Official figure",""
"RL","Land Use","352","Iceland","5110","Area","6602","Agriculture","2020","2020","1000 ha","1872","I","Value imputed by a receiving agency",""
"RL","Land Use","352","Iceland","5110","Area","6610","Agricultural land","2020","2020","1000 ha","1872","A","Official figure",""
"RL","Land Use","352","Iceland","5110","Area","6620","Cropland","2020","2020","1000 ha","121","A","Official figure",""
"RL","Land Use","352","Iceland","5110","Area","6621","Arable land","2020","2020","1000 ha","121","A","Official figure",""
"RL","Land Use","352","Iceland","5110","Area","6630","Temporary crops","2020","2020","1000 ha","5","A","Official figure",""
"RL","Land Use","352","Iceland","5110","Area","6633","Temporary meadows and pastures","2020","2020","1000 ha","115","A","Official figure",""
"RL","Land Use","352","Iceland","5110","Area","6640","Temporary fallow","2020","2020","1000 ha","1","A","Official figure",""
"RL","Land Use","352","Iceland","5110","Area","6655","Permanent meadows and pastures","2020","2020","1000 ha","1751","A","Official figure",""
"RL","Land Use","356","India","5110","Area","6602","Agriculture","2020","2020","1000 ha","178528","I","Value imputed by a receiving agency",""
"RL","Land Use","356","India","5110","Area","6610","Agricultural land","2020","2020","1000 ha","178528","A","Official figure",""
"RL","Land Use","356","India","5110","Area","6620","Cropland","2020","2020","1000 ha","168048","A","Official figure",""
"RL","Land Use","356","India","5110","Area","6621","Arable land","2020","2020","1000 ha","154422.6","I","Value imputed by a receiving agency",""
"RL","Land Use","356","India","5110","Area","6630","Temporary crops","2020","2020","1000 ha","119226.3337","I","Value imputed by a receiving agency",""
"RL","Land Use","356","India","5110","Area","6633","Temporary meadows and pastures","2020","2020","1000 ha","10184.2663","I","Value imputed by a receiving agency",""
"RL","Land Use","356","India","5110","Area","6640","Temporary fallow","2020","2020","1000 ha","25012","A","Official figure",""
"RL","Land Use","356","India","5110","Area","6650","Permanent crops","2020","2020","1000 ha","13625.4","I","Value imputed by a receiving agency",""
"RL","Land Use","356","India","5110","Area","6655","Permanent meadows and pastures","2020","2020","1000 ha","10480","A","Official figure",""
"RL","Land Use","360","Indonesia","5110","Area","6602","Agriculture","2020","2020","1000 ha","54382.3202","I","Value imputed by a receiving agency",""
"RL","Land Use","360","Indonesia","5110","Area","6610","Agricultural land","2020","2020","1000 ha","54382.3202","I","Value imputed by a receiving agency",""
"RL","Land Use","360","Indonesia","5110","Area","6620","Cropland","2020","2020","1000 ha","43382.3202","I","Value imputed by a receiving agency",""
"RL","Land Use","360","Indonesia","5110","Area","6621","Arable land","2020","2020","1000 ha","17798.7202","I","Value imputed by a receiving agency",""
"RL","Land Use","360","Indonesia","5110","Area","6630","Temporary crops","2020","2020","1000 ha","7463.948","A","Official figure",""
"RL","Land Use","360","Indonesia","5110","Area","6633","Temporary meadows and pastures","2020","2020","1000 ha","140.7722","I","Value imputed by a receiving agency",""
"RL","Land Use","360","Indonesia","5110","Area","6640","Temporary fallow","2020","2020","1000 ha","10194","I","Value imputed by a receiving agency",""
"RL","Land Use","360","Indonesia","5110","Area","6650","Permanent crops","2020","2020","1000 ha","25583.6","I","Value imputed by a receiving agency",""
"RL","Land Use","360","Indonesia","5110","Area","6655","Permanent meadows and pastures","2020","2020","1000 ha","11000","I","Value imputed by a receiving agency",""
"RL","Land Use","364","Iran (Islamic Republic of)","5110","Area","6602","Agriculture","2020","2020","1000 ha","47028","I","Value imputed by a receiving agency",""
"RL","Land Use","364","Iran (Islamic Republic of)","5110","Area","6610","Agricultural land","2020","2020","1000 ha","47028","I","Value imputed by a receiving agency",""
"RL","Land Use","364","Iran (Islamic Republic of)","5110","Area","6620","Cropland","2020","2020","1000 ha","17551","I","Value imputed by a receiving agency",""
"RL","Land Use","364","Iran (Islamic Republic of)","5110","Area","6621","Arable land","2020","2020","1000 ha","15660","I","Value imputed by a receiving agency",""
"RL","Land Use","364","Iran (Islamic Republic of)","5110","Area","6630","Temporary crops","2020","2020","1000 ha","11419","I","Value imputed by a receiving agency",""
"RL","Land Use","364","Iran (Islamic Republic of)","5110","Area","6640","Temporary fallow","2020","2020","1000 ha","4241","I","Value imputed by a receiving agency",""
"RL","Land Use","364","Iran (Islamic Republic of)","5110","Area","6650","Permanent crops","2020","2020","1000 ha","1891","I","Value imputed by a receiving agency",""
"RL","Land Use","364","Iran (Islamic Republic of)","5110","Area","6655","Permanent meadows and pastures","2020","2020","1000 ha","29477","I","Value imputed by a receiving agency",""
"RL","Land Use","364","Iran (Islamic Republic of)","5110","Area","6656","Perm. meadows & pastures - Cultivated","2020","2020","1000 ha","15","I","Value imputed by a receiving agency",""
"RL","Land Use","364","Iran (Islamic Republic of)","5110","Area","6659","Perm. meadows & pastures - Nat. growing","2020","2020","1000 ha","29462","I","Value imputed by a receiving agency",""
"RL","Land Use","368","Iraq","5110","Area","6602","Agriculture","2020","2020","1000 ha","9453.4","I","Value imputed by a receiving agency",""
"RL","Land Use","368","Iraq","5110","Area","6610","Agricultural land","2020","2020","1000 ha","9453.4","I","Value imputed by a receiving agency",""
"RL","Land Use","368","Iraq","5110","Area","6620","Cropland","2020","2020","1000 ha","5453.4","I","Value imputed by a receiving agency",""
"RL","Land Use","368","Iraq","5110","Area","6621","Arable land","2020","2020","1000 ha","4969","I","Value imputed by a receiving agency",""
"RL","Land Use","368","Iraq","5110","Area","6630","Temporary crops","2020","2020","1000 ha","3767","A","Official figure",""
"RL","Land Use","368","Iraq","5110","Area","6640","Temporary fallow","2020","2020","1000 ha","1202","I","Value imputed by a receiving agency",""
"RL","Land Use","368","Iraq","5110","Area","6650","Permanent crops","2020","2020","1000 ha","484.4","I","Value imputed by a receiving agency",""
"RL","Land Use","368","Iraq","5110","Area","6655","Permanent meadows and pastures","2020","2020","1000 ha","4000","A","Official figure",""
"RL","Land Use","372","Ireland","5110","Area","6602","Agriculture","2020","2020","1000 ha","4512","I","Value imputed by a receiving agency",""
"RL","Land Use","372","Ireland","5110","Area","6610","Agricultural land","2020","2020","1000 ha","4512","A","Official figure",""
"RL","Land Use","372","Ireland","5110","Area","6620","Cropland","2020","2020","1000 ha","445","A","Official figure",""
"RL","Land Use","372","Ireland","5110","Area","6621","Arable land","2020","2020","1000 ha","444","A","Official figure",""
"RL","Land Use","372","Ireland","5110","Area","6630","Temporary crops","2020","2020","1000 ha","358","A","Official figure",""
"RL","Land Use","372","Ireland","5110","Area","6633","Temporary meadows and pastures","2020","2020","1000 ha","85","A","Official figure",""
"RL","Land Use","372","Ireland","5110","Area","6640","Temporary fallow","2020","2020","1000 ha","0","I","Value imputed by a receiving agency",""
"RL","Land Use","372","Ireland","5110","Area","6650","Permanent crops","2020","2020","1000 ha","1","A","Official figure",""
"RL","Land Use","372","Ireland","5110","Area","6655","Permanent meadows and pastures","2020","2020","1000 ha","4067","A","Official figure",""
"RL","Land Use","372","Ireland","5110","Area","6656","Perm. meadows & pastures - Cultivated","2020","2020","1000 ha","3595","A","Official figure",""
"RL","Land Use","372","Ireland","5110","Area","6659","Perm. meadows & pastures - Nat. growing","2020","2020","1000 ha","472","A","Official figure",""
"RL","Land Use","833","Isle of Man","5110","Area","6602","Agriculture","2020","2020","1000 ha","40.2","I","Value imputed by a receiving agency",""
"RL","Land Use","833","Isle of Man","5110","Area","6610","Agricultural land","2020","2020","1000 ha","40.2","I","Value imputed by a receiving agency",""
"RL","Land Use","833","Isle of Man","5110","Area","6620","Cropland","2020","2020","1000 ha","23.9","I","Value imputed by a receiving agency",""
"RL","Land Use","833","Isle of Man","5110","Area","6621","Arable land","2020","2020","1000 ha","23.9","I","Value imputed by a receiving agency",""
"RL","Land Use","833","Isle of Man","5110","Area","6630","Temporary crops","2020","2020","1000 ha","3.5","A","Official figure",""
"RL","Land Use","833","Isle of Man","5110","Area","6633","Temporary meadows and pastures","2020","2020","1000 ha","20.4","I","Value imputed by a receiving agency",""
"RL","Land Use","833","Isle of Man","5110","Area","6640","Temporary fallow","2020","2020","1000 ha","0","I","Value imputed by a receiving agency",""
"RL","Land Use","833","Isle of Man","5110","Area","6655","Permanent meadows and pastures","2020","2020","1000 ha","16.3","I","Value imputed by a receiving agency",""
"RL","Land Use","833","Isle of Man","5110","Area","6656","Perm. meadows & pastures - Cultivated","2020","2020","1000 ha","6.3","I","Value imputed by a receiving agency",""
"RL","Land Use","833","Isle of Man","5110","Area","6659","Perm. meadows & pastures - Nat. growing","2020","2020","1000 ha","10","A","Official figure",""
"RL","Land Use","376","Israel","5110","Area","6602","Agriculture","2020","2020","1000 ha","541.8","I","Value imputed by a receiving agency",""
"RL","Land Use","376","Israel","5110","Area","6610","Agricultural land","2020","2020","1000 ha","541.8","I","Value imputed by a receiving agency",""
"RL","Land Use","376","Israel","5110","Area","6620","Cropland","2020","2020","1000 ha","376.8","I","Value imputed by a receiving agency",""
"RL","Land Use","376","Israel","5110","Area","6621","Arable land","2020","2020","1000 ha","275.4","I","Value imputed by a receiving agency",""
"RL","Land Use","376","Israel","5110","Area","6630","Temporary crops","2020","2020","1000 ha","185.4","A","Official figure",""
"RL","Land Use","376","Israel","5110","Area","6633","Temporary meadows and pastures","2020","2020","1000 ha","0","I","Value imputed by a receiving agency",""
"RL","Land Use","376","Israel","5110","Area","6640","Temporary fallow","2020","2020","1000 ha","90","I","Value imputed by a receiving agency",""
"RL","Land Use","376","Israel","5110","Area","6650","Permanent crops","2020","2020","1000 ha","101.4","A","Official figure",""
"RL","Land Use","376","Israel","5110","Area","6655","Permanent meadows and pastures","2020","2020","1000 ha","165","A","Official figure",""
"RL","Land Use","380","Italy","5110","Area","6602","Agriculture","2020","2020","1000 ha","13520.6","A","Official figure",""
"RL","Land Use","380","Italy","5110","Area","6610","Agricultural land","2020","2020","1000 ha","12518.37","A","Official figure",""
"RL","Land Use","380","Italy","5110","Area","6620","Cropland","2020","2020","1000 ha","9384.57","A","Official figure",""
"RL","Land Use","380","Italy","5110","Area","6621","Arable land","2020","2020","1000 ha","7199.414","A","Official figure",""
"RL","Land Use","380","Italy","5110","Area","6630","Temporary crops","2020","2020","1000 ha","4324.881","A","Official figure",""
"RL","Land Use","380","Italy","5110","Area","6633","Temporary meadows and pastures","2020","2020","1000 ha","2410.749","A","Official figure",""
"RL","Land Use","380","Italy","5110","Area","6640","Temporary fallow","2020","2020","1000 ha","463.784","A","Official figure",""
"RL","Land Use","380","Italy","5110","Area","6650","Permanent crops","2020","2020","1000 ha","2185.156","A","Official figure",""
"RL","Land Use","380","Italy","5110","Area","6655","Permanent meadows and pastures","2020","2020","1000 ha","3133.8","A","Official figure",""
"RL","Land Use","380","Italy","5110","Area","6656","Perm. meadows & pastures - Cultivated","2020","2020","1000 ha","1938.717","A","Official figure",""
"RL","Land Use","380","Italy","5110","Area","6659","Perm. meadows & pastures - Nat. growing","2020","2020","1000 ha","1195.083","A","Official figure",""
"RL","Land Use","380","Italy","5110","Area","6649","Farm buildings and Farmyards","2020","2020","1000 ha","1002.23","A","Official figure",""
"RL","Land Use","388","Jamaica","5110","Area","6602","Agriculture","2020","2020","1000 ha","417","I","Value imputed by a receiving agency",""
"RL","Land Use","388","Jamaica","5110","Area","6610","Agricultural land","2020","2020","1000 ha","417","I","Value imputed by a receiving agency",""
"RL","Land Use","388","Jamaica","5110","Area","6620","Cropland","2020","2020","1000 ha","188","I","Value imputed by a receiving agency",""
"RL","Land Use","388","Jamaica","5110","Area","6621","Arable land","2020","2020","1000 ha","120","I","Value imputed by a receiving agency",""
"RL","Land Use","388","Jamaica","5110","Area","6630","Temporary crops","2020","2020","1000 ha","92.6494","I","Value imputed by a receiving agency",""
"RL","Land Use","388","Jamaica","5110","Area","6633","Temporary meadows and pastures","2020","2020","1000 ha","13.1321","I","Value imputed by a receiving agency",""
"RL","Land Use","388","Jamaica","5110","Area","6640","Temporary fallow","2020","2020","1000 ha","14.2185","I","Value imputed by a receiving agency",""
"RL","Land Use","388","Jamaica","5110","Area","6650","Permanent crops","2020","2020","1000 ha","68","I","Value imputed by a receiving agency",""
"RL","Land Use","388","Jamaica","5110","Area","6655","Permanent meadows and pastures","2020","2020","1000 ha","229","I","Value imputed by a receiving agency",""
"RL","Land Use","392","Japan","5110","Area","6602","Agriculture","2020","2020","1000 ha","4682","I","Value imputed by a receiving agency",""
"RL","Land Use","392","Japan","5110","Area","6610","Agricultural land","2020","2020","1000 ha","4682","I","Value imputed by a receiving agency",""
"RL","Land Use","392","Japan","5110","Area","6620","Cropland","2020","2020","1000 ha","4372","A","Official figure",""
"RL","Land Use","392","Japan","5110","Area","6621","Arable land","2020","2020","1000 ha","4104","A","Official figure",""
"RL","Land Use","392","Japan","5110","Area","6630","Temporary crops","2020","2020","1000 ha","3148","I","Value imputed by a receiving agency",""
"RL","Land Use","392","Japan","5110","Area","6633","Temporary meadows and pastures","2020","2020","1000 ha","956","A","Official figure",""
"RL","Land Use","392","Japan","5110","Area","6640","Temporary fallow","2020","2020","1000 ha","0","I","Value imputed by a receiving agency",""
"RL","Land Use","392","Japan","5110","Area","6650","Permanent crops","2020","2020","1000 ha","268","A","Official figure",""
"RL","Land Use","392","Japan","5110","Area","6655","Permanent meadows and pastures","2020","2020","1000 ha","310","A","Official figure",""
"RL","Land Use","400","Jordan","5110","Area","6602","Agriculture","2020","2020","1000 ha","1029","I","Value imputed by a receiving agency",""
"RL","Land Use","400","Jordan","5110","Area","6610","Agricultural land","2020","2020","1000 ha","1029","A","Official figure",""
"RL","Land Use","400","Jordan","5110","Area","6620","Cropland","2020","2020","1000 ha","287","A","Official figure",""
"RL","Land Use","400","Jordan","5110","Area","6621","Arable land","2020","2020","1000 ha","206","A","Official figure",""
"RL","Land Use","400","Jordan","5110","Area","6630","Temporary crops","2020","2020","1000 ha","115.1","A","Official figure",""
"RL","Land Use","400","Jordan","5110","Area","6633","Temporary meadows and pastures","2020","2020","1000 ha","0.4","I","Value imputed by a receiving agency",""
"RL","Land Use","400","Jordan","5110","Area","6640","Temporary fallow","2020","2020","1000 ha","90.5","A","Official figure",""
"RL","Land Use","400","Jordan","5110","Area","6650","Permanent crops","2020","2020","1000 ha","80.6","A","Official figure",""
"RL","Land Use","400","Jordan","5110","Area","6655","Permanent meadows and pastures","2020","2020","1000 ha","742","A","Official figure",""
"RL","Land Use","400","Jordan","5110","Area","6659","Perm. meadows & pastures - Nat. growing","2020","2020","1000 ha","742","A","Official figure",""
"RL","Land Use","398","Kazakhstan","5110","Area","6602","Agriculture","2020","2020","1000 ha","214149.2","I","Value imputed by a receiving agency",""
"RL","Land Use","398","Kazakhstan","5110","Area","6610","Agricultural land","2020","2020","1000 ha","214149.2","I","Value imputed by a receiving agency",""
"RL","Land Use","398","Kazakhstan","5110","Area","6620","Cropland","2020","2020","1000 ha","29685.2","I","Value imputed by a receiving agency",""
"RL","Land Use","398","Kazakhstan","5110","Area","6621","Arable land","2020","2020","1000 ha","29553.2","I","Value imputed by a receiving agency",""
"RL","Land Use","398","Kazakhstan","5110","Area","6630","Temporary crops","2020","2020","1000 ha","22817.3835","I","Value imputed by a receiving agency",""
"RL","Land Use","398","Kazakhstan","5110","Area","6633","Temporary meadows and pastures","2020","2020","1000 ha","2735.8165","I","Value imputed by a receiving agency",""
"RL","Land Use","398","Kazakhstan","5110","Area","6640","Temporary fallow","2020","2020","1000 ha","4000","A","Official figure",""
"RL","Land Use","398","Kazakhstan","5110","Area","6650","Permanent crops","2020","2020","1000 ha","132","I","Value imputed by a receiving agency",""
"RL","Land Use","398","Kazakhstan","5110","Area","6655","Permanent meadows and pastures","2020","2020","1000 ha","184464","A","Official figure",""
"RL","Land Use","398","Kazakhstan","5110","Area","6656","Perm. meadows & pastures - Cultivated","2020","2020","1000 ha","4028.1","A","Official figure",""
"RL","Land Use","398","Kazakhstan","5110","Area","6659","Perm. meadows & pastures - Nat. growing","2020","2020","1000 ha","71594","A","Official figure",""
"RL","Land Use","404","Kenya","5110","Area","6602","Agriculture","2020","2020","1000 ha","28689.0222","I","Value imputed by a receiving agency",""
"RL","Land Use","404","Kenya","5110","Area","6610","Agricultural land","2020","2020","1000 ha","28689.0222","I","Value imputed by a receiving agency",""
"RL","Land Use","404","Kenya","5110","Area","6620","Cropland","2020","2020","1000 ha","7389.0222","I","Value imputed by a receiving agency",""
"RL","Land Use","404","Kenya","5110","Area","6621","Arable land","2020","2020","1000 ha","6632.1589","I","Value imputed by a receiving agency",""
"RL","Land Use","404","Kenya","5110","Area","6630","Temporary crops","2020","2020","1000 ha","4983.3","A","Official figure",""
"RL","Land Use","404","Kenya","5110","Area","6633","Temporary meadows and pastures","2020","2020","1000 ha","863.033","I","Value imputed by a receiving agency",""
"RL","Land Use","404","Kenya","5110","Area","6640","Temporary fallow","2020","2020","1000 ha","785.826","I","Value imputed by a receiving agency",""
"RL","Land Use","404","Kenya","5110","Area","6650","Permanent crops","2020","2020","1000 ha","756.8633","A","Official figure",""
"RL","Land Use","404","Kenya","5110","Area","6655","Permanent meadows and pastures","2020","2020","1000 ha","21300","I","Value imputed by a receiving agency",""
"RL","Land Use","296","Kiribati","5110","Area","6602","Agriculture","2020","2020","1000 ha","34","I","Value imputed by a receiving agency",""
"RL","Land Use","296","Kiribati","5110","Area","6610","Agricultural land","2020","2020","1000 ha","34","I","Value imputed by a receiving agency",""
"RL","Land Use","296","Kiribati","5110","Area","6620","Cropland","2020","2020","1000 ha","34","I","Value imputed by a receiving agency",""
"RL","Land Use","296","Kiribati","5110","Area","6621","Arable land","2020","2020","1000 ha","2","I","Value imputed by a receiving agency",""
"RL","Land Use","296","Kiribati","5110","Area","6630","Temporary crops","2020","2020","1000 ha","1.5442","I","Value imputed by a receiving agency",""
"RL","Land Use","296","Kiribati","5110","Area","6633","Temporary meadows and pastures","2020","2020","1000 ha","0.2189","I","Value imputed by a receiving agency",""
"RL","Land Use","296","Kiribati","5110","Area","6640","Temporary fallow","2020","2020","1000 ha","0.237","I","Value imputed by a receiving agency",""
"RL","Land Use","296","Kiribati","5110","Area","6650","Permanent crops","2020","2020","1000 ha","32","I","Value imputed by a receiving agency",""
"RL","Land Use","414","Kuwait","5110","Area","6602","Agriculture","2020","2020","1000 ha","150","I","Value imputed by a receiving agency",""
"RL","Land Use","414","Kuwait","5110","Area","6610","Agricultural land","2020","2020","1000 ha","150","I","Value imputed by a receiving agency",""
"RL","Land Use","414","Kuwait","5110","Area","6620","Cropland","2020","2020","1000 ha","14","I","Value imputed by a receiving agency",""
"RL","Land Use","414","Kuwait","5110","Area","6621","Arable land","2020","2020","1000 ha","8","I","Value imputed by a receiving agency",""
"RL","Land Use","414","Kuwait","5110","Area","6630","Temporary crops","2020","2020","1000 ha","6.1766","I","Value imputed by a receiving agency",""
"RL","Land Use","414","Kuwait","5110","Area","6633","Temporary meadows and pastures","2020","2020","1000 ha","0.8755","I","Value imputed by a receiving agency",""
"RL","Land Use","414","Kuwait","5110","Area","6640","Temporary fallow","2020","2020","1000 ha","0.9479","I","Value imputed by a receiving agency",""
"RL","Land Use","414","Kuwait","5110","Area","6650","Permanent crops","2020","2020","1000 ha","6","I","Value imputed by a receiving agency",""
"RL","Land Use","414","Kuwait","5110","Area","6655","Permanent meadows and pastures","2020","2020","1000 ha","136","I","Value imputed by a receiving agency",""
"RL","Land Use","417","Kyrgyzstan","5110","Area","6602","Agriculture","2020","2020","1000 ha","10367.8","I","Value imputed by a receiving agency",""
"RL","Land Use","417","Kyrgyzstan","5110","Area","6610","Agricultural land","2020","2020","1000 ha","10367.8","A","Official figure",""
"RL","Land Use","417","Kyrgyzstan","5110","Area","6620","Cropland","2020","2020","1000 ha","1364.1","A","Official figure",""
"RL","Land Use","417","Kyrgyzstan","5110","Area","6621","Arable land","2020","2020","1000 ha","1287.4","A","Official figure",""
"RL","Land Use","417","Kyrgyzstan","5110","Area","6630","Temporary crops","2020","2020","1000 ha","993.9736","I","Value imputed by a receiving agency",""
"RL","Land Use","417","Kyrgyzstan","5110","Area","6633","Temporary meadows and pastures","2020","2020","1000 ha","291.4264","I","Value imputed by a receiving agency",""
"RL","Land Use","417","Kyrgyzstan","5110","Area","6640","Temporary fallow","2020","2020","1000 ha","2","A","Official figure",""
"RL","Land Use","417","Kyrgyzstan","5110","Area","6650","Permanent crops","2020","2020","1000 ha","76.7","A","Official figure",""
"RL","Land Use","417","Kyrgyzstan","5110","Area","6655","Permanent meadows and pastures","2020","2020","1000 ha","9003.7","A","Official figure",""
"RL","Land Use","417","Kyrgyzstan","5110","Area","6656","Perm. meadows & pastures - Cultivated","2020","2020","1000 ha","3.5","A","Official figure",""
"RL","Land Use","417","Kyrgyzstan","5110","Area","6659","Perm. meadows & pastures - Nat. growing","2020","2020","1000 ha","9000.2","I","Value imputed by a receiving agency",""
"RL","Land Use","418","Lao People's Democratic Republic","5110","Area","6602","Agriculture","2020","2020","1000 ha","2207.9","I","Value imputed by a receiving agency",""
"RL","Land Use","418","Lao People's Democratic Republic","5110","Area","6610","Agricultural land","2020","2020","1000 ha","2207.9","I","Value imputed by a receiving agency",""
"RL","Land Use","418","Lao People's Democratic Republic","5110","Area","6620","Cropland","2020","2020","1000 ha","1530.9","I","Value imputed by a receiving agency",""
"RL","Land Use","418","Lao People's Democratic Republic","5110","Area","6621","Arable land","2020","2020","1000 ha","1224","A","Official figure",""
"RL","Land Use","418","Lao People's Democratic Republic","5110","Area","6630","Temporary crops","2020","2020","1000 ha","1070","A","Official figure",""
"RL","Land Use","418","Lao People's Democratic Republic","5110","Area","6633","Temporary meadows and pastures","2020","2020","1000 ha","0","I","Value imputed by a receiving agency",""
"RL","Land Use","418","Lao People's Democratic Republic","5110","Area","6640","Temporary fallow","2020","2020","1000 ha","154","A","Official figure",""
"RL","Land Use","418","Lao People's Democratic Republic","5110","Area","6650","Permanent crops","2020","2020","1000 ha","306.9","I","Value imputed by a receiving agency",""
"RL","Land Use","418","Lao People's Democratic Republic","5110","Area","6655","Permanent meadows and pastures","2020","2020","1000 ha","677","I","Value imputed by a receiving agency",""
"RL","Land Use","428","Latvia","5110","Area","6602","Agriculture","2020","2020","1000 ha","1969","I","Value imputed by a receiving agency",""
"RL","Land Use","428","Latvia","5110","Area","6610","Agricultural land","2020","2020","1000 ha","1969","A","Official figure",""
"RL","Land Use","428","Latvia","5110","Area","6620","Cropland","2020","2020","1000 ha","1343","A","Official figure",""
"RL","Land Use","428","Latvia","5110","Area","6621","Arable land","2020","2020","1000 ha","1334","A","Official figure",""
"RL","Land Use","428","Latvia","5110","Area","6630","Temporary crops","2020","2020","1000 ha","978.6","A","Official figure",""
"RL","Land Use","428","Latvia","5110","Area","6633","Temporary meadows and pastures","2020","2020","1000 ha","299.4","A","Official figure",""
"RL","Land Use","428","Latvia","5110","Area","6640","Temporary fallow","2020","2020","1000 ha","56","A","Official figure",""
"RL","Land Use","428","Latvia","5110","Area","6650","Permanent crops","2020","2020","1000 ha","9","A","Official figure",""
"RL","Land Use","428","Latvia","5110","Area","6655","Permanent meadows and pastures","2020","2020","1000 ha","626","A","Official figure",""
"RL","Land Use","422","Lebanon","5110","Area","6602","Agriculture","2020","2020","1000 ha","674.115","I","Value imputed by a receiving agency",""
"RL","Land Use","422","Lebanon","5110","Area","6610","Agricultural land","2020","2020","1000 ha","674.115","I","Value imputed by a receiving agency",""
"RL","Land Use","422","Lebanon","5110","Area","6620","Cropland","2020","2020","1000 ha","274.115","I","Value imputed by a receiving agency",""
"RL","Land Use","422","Lebanon","5110","Area","6621","Arable land","2020","2020","1000 ha","134.115","I","Value imputed by a receiving agency",""
"RL","Land Use","422","Lebanon","5110","Area","6630","Temporary crops","2020","2020","1000 ha","124.815","I","Value imputed by a receiving agency",""
"RL","Land Use","422","Lebanon","5110","Area","6633","Temporary meadows and pastures","2020","2020","1000 ha","0","I","Value imputed by a receiving agency",""
"RL","Land Use","422","Lebanon","5110","Area","6640","Temporary fallow","2020","2020","1000 ha","9.3","I","Value imputed by a receiving agency",""
"RL","Land Use","422","Lebanon","5110","Area","6650","Permanent crops","2020","2020","1000 ha","140","I","Value imputed by a receiving agency",""
"RL","Land Use","422","Lebanon","5110","Area","6655","Permanent meadows and pastures","2020","2020","1000 ha","400","I","Value imputed by a receiving agency",""
"RL","Land Use","426","Lesotho","5110","Area","6602","Agriculture","2020","2020","1000 ha","2433","I","Value imputed by a receiving agency",""
"RL","Land Use","426","Lesotho","5110","Area","6610","Agricultural land","2020","2020","1000 ha","2349.4","I","Value imputed by a receiving agency",""
"RL","Land Use","426","Lesotho","5110","Area","6620","Cropland","2020","2020","1000 ha","349.4","I","Value imputed by a receiving agency",""
"RL","Land Use","426","Lesotho","5110","Area","6621","Arable land","2020","2020","1000 ha","345.4","A","Official figure",""
"RL","Land Use","426","Lesotho","5110","Area","6630","Temporary crops","2020","2020","1000 ha","83","A","Official figure",""
"RL","Land Use","426","Lesotho","5110","Area","6633","Temporary meadows and pastures","2020","2020","1000 ha","5.4","A","Official figure",""
"RL","Land Use","426","Lesotho","5110","Area","6640","Temporary fallow","2020","2020","1000 ha","257","A","Official figure",""
"RL","Land Use","426","Lesotho","5110","Area","6650","Permanent crops","2020","2020","1000 ha","4","I","Value imputed by a receiving agency",""
"RL","Land Use","426","Lesotho","5110","Area","6655","Permanent meadows and pastures","2020","2020","1000 ha","2000","I","Value imputed by a receiving agency",""
"RL","Land Use","430","Liberia","5110","Area","6602","Agriculture","2020","2020","1000 ha","1923.04","I","Value imputed by a receiving agency",""
"RL","Land Use","430","Liberia","5110","Area","6610","Agricultural land","2020","2020","1000 ha","1923.04","I","Value imputed by a receiving agency",""
"RL","Land Use","430","Liberia","5110","Area","6620","Cropland","2020","2020","1000 ha","700","I","Value imputed by a receiving agency",""
"RL","Land Use","430","Liberia","5110","Area","6621","Arable land","2020","2020","1000 ha","500","I","Value imputed by a receiving agency",""
"RL","Land Use","430","Liberia","5110","Area","6630","Temporary crops","2020","2020","1000 ha","386.0391","I","Value imputed by a receiving agency",""
"RL","Land Use","430","Liberia","5110","Area","6633","Temporary meadows and pastures","2020","2020","1000 ha","54.7173","I","Value imputed by a receiving agency",""
"RL","Land Use","430","Liberia","5110","Area","6640","Temporary fallow","2020","2020","1000 ha","59.2436","I","Value imputed by a receiving agency",""
"RL","Land Use","430","Liberia","5110","Area","6650","Permanent crops","2020","2020","1000 ha","200","I","Value imputed by a receiving agency",""
"RL","Land Use","430","Liberia","5110","Area","6655","Permanent meadows and pastures","2020","2020","1000 ha","1223.04","I","Value imputed by a receiving agency",""
"RL","Land Use","434","Libya","5110","Area","6602","Agriculture","2020","2020","1000 ha","15350","I","Value imputed by a receiving agency",""
"RL","Land Use","434","Libya","5110","Area","6610","Agricultural land","2020","2020","1000 ha","15350","I","Value imputed by a receiving agency",""
"RL","Land Use","434","Libya","5110","Area","6620","Cropland","2020","2020","1000 ha","2050","I","Value imputed by a receiving agency",""
"RL","Land Use","434","Libya","5110","Area","6621","Arable land","2020","2020","1000 ha","1720","I","Value imputed by a receiving agency",""
"RL","Land Use","434","Libya","5110","Area","6630","Temporary crops","2020","2020","1000 ha","1327.9746","I","Value imputed by a receiving agency",""
"RL","Land Use","434","Libya","5110","Area","6633","Temporary meadows and pastures","2020","2020","1000 ha","188.2274","I","Value imputed by a receiving agency",""
"RL","Land Use","434","Libya","5110","Area","6640","Temporary fallow","2020","2020","1000 ha","203.798","I","Value imputed by a receiving agency",""
"RL","Land Use","434","Libya","5110","Area","6650","Permanent crops","2020","2020","1000 ha","330","I","Value imputed by a receiving agency",""
"RL","Land Use","434","Libya","5110","Area","6655","Permanent meadows and pastures","2020","2020","1000 ha","13300","I","Value imputed by a receiving agency",""
"RL","Land Use","438","Liechtenstein","5110","Area","6602","Agriculture","2020","2020","1000 ha","5.17","I","Value imputed by a receiving agency",""
"RL","Land Use","438","Liechtenstein","5110","Area","6610","Agricultural land","2020","2020","1000 ha","5.17","I","Value imputed by a receiving agency",""
"RL","Land Use","438","Liechtenstein","5110","Area","6620","Cropland","2020","2020","1000 ha","1.73","I","Value imputed by a receiving agency",""
"RL","Land Use","438","Liechtenstein","5110","Area","6621","Arable land","2020","2020","1000 ha","1.73","I","Value imputed by a receiving agency",""
"RL","Land Use","438","Liechtenstein","5110","Area","6630","Temporary crops","2020","2020","1000 ha","1.3357","I","Value imputed by a receiving agency",""
"RL","Land Use","438","Liechtenstein","5110","Area","6633","Temporary meadows and pastures","2020","2020","1000 ha","0.1893","I","Value imputed by a receiving agency",""
"RL","Land Use","438","Liechtenstein","5110","Area","6640","Temporary fallow","2020","2020","1000 ha","0.205","I","Value imputed by a receiving agency",""
"RL","Land Use","438","Liechtenstein","5110","Area","6655","Permanent meadows and pastures","2020","2020","1000 ha","3.44","I","Value imputed by a receiving agency",""
"RL","Land Use","440","Lithuania","5110","Area","6602","Agriculture","2020","2020","1000 ha","2942.8","I","Value imputed by a receiving agency",""
"RL","Land Use","440","Lithuania","5110","Area","6610","Agricultural land","2020","2020","1000 ha","2942.8","A","Official figure",""
"RL","Land Use","440","Lithuania","5110","Area","6620","Cropland","2020","2020","1000 ha","2284.8","A","Official figure",""
"RL","Land Use","440","Lithuania","5110","Area","6621","Arable land","2020","2020","1000 ha","2249.4","A","Official figure",""
"RL","Land Use","440","Lithuania","5110","Area","6630","Temporary crops","2020","2020","1000 ha","1935.8","A","Official figure",""
"RL","Land Use","440","Lithuania","5110","Area","6633","Temporary meadows and pastures","2020","2020","1000 ha","251.3","A","Official figure",""
"RL","Land Use","440","Lithuania","5110","Area","6640","Temporary fallow","2020","2020","1000 ha","62.3","A","Official figure",""
"RL","Land Use","440","Lithuania","5110","Area","6650","Permanent crops","2020","2020","1000 ha","35.4","A","Official figure",""
"RL","Land Use","440","Lithuania","5110","Area","6655","Permanent meadows and pastures","2020","2020","1000 ha","658","A","Official figure",""
"RL","Land Use","440","Lithuania","5110","Area","6656","Perm. meadows & pastures - Cultivated","2020","2020","1000 ha","570","A","Official figure",""
"RL","Land Use","440","Lithuania","5110","Area","6659","Perm. meadows & pastures - Nat. growing","2020","2020","1000 ha","88","A","Official figure",""
"RL","Land Use","442","Luxembourg","5110","Area","6602","Agriculture","2020","2020","1000 ha","132.1459","I","Value imputed by a receiving agency",""
"RL","Land Use","442","Luxembourg","5110","Area","6610","Agricultural land","2020","2020","1000 ha","132.1261","A","Official figure",""
"RL","Land Use","442","Luxembourg","5110","Area","6620","Cropland","2020","2020","1000 ha","63.685","A","Official figure",""
"RL","Land Use","442","Luxembourg","5110","Area","6621","Arable land","2020","2020","1000 ha","62.13","A","Official figure",""
"RL","Land Use","442","Luxembourg","5110","Area","6630","Temporary crops","2020","2020","1000 ha","48.673","A","Official figure",""
"RL","Land Use","442","Luxembourg","5110","Area","6633","Temporary meadows and pastures","2020","2020","1000 ha","13.116","A","Official figure",""
"RL","Land Use","442","Luxembourg","5110","Area","6640","Temporary fallow","2020","2020","1000 ha","0.341","A","Official figure",""
"RL","Land Use","442","Luxembourg","5110","Area","6650","Permanent crops","2020","2020","1000 ha","1.555","A","Official figure",""
"RL","Land Use","442","Luxembourg","5110","Area","6655","Permanent meadows and pastures","2020","2020","1000 ha","68.25","A","Official figure",""
"RL","Land Use","442","Luxembourg","5110","Area","6656","Perm. meadows & pastures - Cultivated","2020","2020","1000 ha","68.25","A","Official figure",""
"RL","Land Use","442","Luxembourg","5110","Area","6649","Farm buildings and Farmyards","2020","2020","1000 ha","0.0099","A","Official figure",""
"RL","Land Use","450","Madagascar","5110","Area","6602","Agriculture","2020","2020","1000 ha","40895","I","Value imputed by a receiving agency",""
"RL","Land Use","450","Madagascar","5110","Area","6610","Agricultural land","2020","2020","1000 ha","40895","I","Value imputed by a receiving agency",""
"RL","Land Use","450","Madagascar","5110","Area","6620","Cropland","2020","2020","1000 ha","3600","I","Value imputed by a receiving agency",""
"RL","Land Use","450","Madagascar","5110","Area","6621","Arable land","2020","2020","1000 ha","3000","I","Value imputed by a receiving agency",""
"RL","Land Use","450","Madagascar","5110","Area","6630","Temporary crops","2020","2020","1000 ha","2316.2348","I","Value imputed by a receiving agency",""
"RL","Land Use","450","Madagascar","5110","Area","6633","Temporary meadows and pastures","2020","2020","1000 ha","328.3036","I","Value imputed by a receiving agency",""
"RL","Land Use","450","Madagascar","5110","Area","6640","Temporary fallow","2020","2020","1000 ha","355.4616","I","Value imputed by a receiving agency",""
"RL","Land Use","450","Madagascar","5110","Area","6650","Permanent crops","2020","2020","1000 ha","600","I","Value imputed by a receiving agency",""
"RL","Land Use","450","Madagascar","5110","Area","6655","Permanent meadows and pastures","2020","2020","1000 ha","37295","I","Value imputed by a receiving agency",""
"RL","Land Use","454","Malawi","5110","Area","6602","Agriculture","2020","2020","1000 ha","5984","I","Value imputed by a receiving agency",""
"RL","Land Use","454","Malawi","5110","Area","6610","Agricultural land","2020","2020","1000 ha","5984","I","Value imputed by a receiving agency",""
"RL","Land Use","454","Malawi","5110","Area","6620","Cropland","2020","2020","1000 ha","4134","I","Value imputed by a receiving agency",""
"RL","Land Use","454","Malawi","5110","Area","6621","Arable land","2020","2020","1000 ha","3934","I","Value imputed by a receiving agency",""
"RL","Land Use","454","Malawi","5110","Area","6630","Temporary crops","2020","2020","1000 ha","3037.3559","I","Value imputed by a receiving agency",""
"RL","Land Use","454","Malawi","5110","Area","6633","Temporary meadows and pastures","2020","2020","1000 ha","430.5154","I","Value imputed by a receiving agency",""
"RL","Land Use","454","Malawi","5110","Area","6640","Temporary fallow","2020","2020","1000 ha","466.1287","I","Value imputed by a receiving agency",""
"RL","Land Use","454","Malawi","5110","Area","6650","Permanent crops","2020","2020","1000 ha","200","I","Value imputed by a receiving agency",""
"RL","Land Use","454","Malawi","5110","Area","6655","Permanent meadows and pastures","2020","2020","1000 ha","1850","I","Value imputed by a receiving agency",""
"RL","Land Use","458","Malaysia","5110","Area","6602","Agriculture","2020","2020","1000 ha","8586.5","I","Value imputed by a receiving agency",""
"RL","Land Use","458","Malaysia","5110","Area","6610","Agricultural land","2020","2020","1000 ha","8571","I","Value imputed by a receiving agency",""
"RL","Land Use","458","Malaysia","5110","Area","6620","Cropland","2020","2020","1000 ha","8285.31","I","Value imputed by a receiving agency",""
"RL","Land Use","458","Malaysia","5110","Area","6621","Arable land","2020","2020","1000 ha","825.31","I","Value imputed by a receiving agency",""
"RL","Land Use","458","Malaysia","5110","Area","6630","Temporary crops","2020","2020","1000 ha","614","I","Value imputed by a receiving agency",""
"RL","Land Use","458","Malaysia","5110","Area","6633","Temporary meadows and pastures","2020","2020","1000 ha","95.231","A","Official figure",""
"RL","Land Use","458","Malaysia","5110","Area","6640","Temporary fallow","2020","2020","1000 ha","75.069","A","Official figure",""
"RL","Land Use","458","Malaysia","5110","Area","6650","Permanent crops","2020","2020","1000 ha","7460","I","Value imputed by a receiving agency",""
"RL","Land Use","458","Malaysia","5110","Area","6655","Permanent meadows and pastures","2020","2020","1000 ha","285","I","Value imputed by a receiving agency",""
"RL","Land Use","458","Malaysia","5110","Area","6649","Farm buildings and Farmyards","2020","2020","1000 ha","15.5","I","Value imputed by a receiving agency",""
"RL","Land Use","462","Maldives","5110","Area","6602","Agriculture","2020","2020","1000 ha","6.4","I","Value imputed by a receiving agency",""
"RL","Land Use","462","Maldives","5110","Area","6610","Agricultural land","2020","2020","1000 ha","6.4","I","Value imputed by a receiving agency",""
"RL","Land Use","462","Maldives","5110","Area","6620","Cropland","2020","2020","1000 ha","5.4","I","Value imputed by a receiving agency",""
"RL","Land Use","462","Maldives","5110","Area","6621","Arable land","2020","2020","1000 ha","3.9","I","Value imputed by a receiving agency",""
"RL","Land Use","462","Maldives","5110","Area","6630","Temporary crops","2020","2020","1000 ha","3.0111","I","Value imputed by a receiving agency",""
"RL","Land Use","462","Maldives","5110","Area","6633","Temporary meadows and pastures","2020","2020","1000 ha","0.4268","I","Value imputed by a receiving agency",""
"RL","Land Use","462","Maldives","5110","Area","6640","Temporary fallow","2020","2020","1000 ha","0.4621","I","Value imputed by a receiving agency",""
"RL","Land Use","462","Maldives","5110","Area","6650","Permanent crops","2020","2020","1000 ha","1.5","I","Value imputed by a receiving agency",""
"RL","Land Use","462","Maldives","5110","Area","6655","Permanent meadows and pastures","2020","2020","1000 ha","1","I","Value imputed by a receiving agency",""
"RL","Land Use","466","Mali","5110","Area","6602","Agriculture","2020","2020","1000 ha","43008.8653","I","Value imputed by a receiving agency",""
"RL","Land Use","466","Mali","5110","Area","6610","Agricultural land","2020","2020","1000 ha","43008.8653","I","Value imputed by a receiving agency",""
"RL","Land Use","466","Mali","5110","Area","6620","Cropland","2020","2020","1000 ha","8368.8652","I","Value imputed by a receiving agency",""
"RL","Land Use","466","Mali","5110","Area","6621","Arable land","2020","2020","1000 ha","8152","I","Value imputed by a receiving agency",""
"RL","Land Use","466","Mali","5110","Area","6630","Temporary crops","2020","2020","1000 ha","6791","I","Value imputed by a receiving agency",""
"RL","Land Use","466","Mali","5110","Area","6633","Temporary meadows and pastures","2020","2020","1000 ha","361","I","Value imputed by a receiving agency",""
"RL","Land Use","466","Mali","5110","Area","6640","Temporary fallow","2020","2020","1000 ha","1000","I","Value imputed by a receiving agency",""
"RL","Land Use","466","Mali","5110","Area","6650","Permanent crops","2020","2020","1000 ha","216.8652","I","Value imputed by a receiving agency",""
"RL","Land Use","466","Mali","5110","Area","6655","Permanent meadows and pastures","2020","2020","1000 ha","34640","I","Value imputed by a receiving agency",""
"RL","Land Use","466","Mali","5110","Area","6659","Perm. meadows & pastures - Nat. growing","2020","2020","1000 ha","34640","I","Value imputed by a receiving agency",""
"RL","Land Use","470","Malta","5110","Area","6602","Agriculture","2020","2020","1000 ha","11.11","I","Value imputed by a receiving agency",""
"RL","Land Use","470","Malta","5110","Area","6610","Agricultural land","2020","2020","1000 ha","9.11","I","Value imputed by a receiving agency",""
"RL","Land Use","470","Malta","5110","Area","6620","Cropland","2020","2020","1000 ha","9.11","A","Official figure",""
"RL","Land Use","470","Malta","5110","Area","6621","Arable land","2020","2020","1000 ha","7.8","A","Official figure",""
"RL","Land Use","470","Malta","5110","Area","6630","Temporary crops","2020","2020","1000 ha","7.073","A","Official figure",""
"RL","Land Use","470","Malta","5110","Area","6633","Temporary meadows and pastures","2020","2020","1000 ha","0","I","Value imputed by a receiving agency",""
"RL","Land Use","470","Malta","5110","Area","6640","Temporary fallow","2020","2020","1000 ha","0.727","A","Official figure",""
"RL","Land Use","470","Malta","5110","Area","6650","Permanent crops","2020","2020","1000 ha","1.31","A","Official figure",""
"RL","Land Use","470","Malta","5110","Area","6649","Farm buildings and Farmyards","2020","2020","1000 ha","2","A","Official figure",""
"RL","Land Use","584","Marshall Islands","5110","Area","6602","Agriculture","2020","2020","1000 ha","7","I","Value imputed by a receiving agency",""
"RL","Land Use","584","Marshall Islands","5110","Area","6610","Agricultural land","2020","2020","1000 ha","7","I","Value imputed by a receiving agency",""
"RL","Land Use","584","Marshall Islands","5110","Area","6620","Cropland","2020","2020","1000 ha","7","I","Value imputed by a receiving agency",""
"RL","Land Use","584","Marshall Islands","5110","Area","6621","Arable land","2020","2020","1000 ha","0.5","I","Value imputed by a receiving agency",""
"RL","Land Use","584","Marshall Islands","5110","Area","6630","Temporary crops","2020","2020","1000 ha","0.386","I","Value imputed by a receiving agency",""
"RL","Land Use","584","Marshall Islands","5110","Area","6633","Temporary meadows and pastures","2020","2020","1000 ha","0.0547","I","Value imputed by a receiving agency",""
"RL","Land Use","584","Marshall Islands","5110","Area","6640","Temporary fallow","2020","2020","1000 ha","0.0592","I","Value imputed by a receiving agency",""
"RL","Land Use","584","Marshall Islands","5110","Area","6650","Permanent crops","2020","2020","1000 ha","6.5","I","Value imputed by a receiving agency",""
"RL","Land Use","474","Martinique","5110","Area","6602","Agriculture","2020","2020","1000 ha","30.2","I","Value imputed by a receiving agency",""
"RL","Land Use","474","Martinique","5110","Area","6610","Agricultural land","2020","2020","1000 ha","30.2","B","Time series break",""
"RL","Land Use","474","Martinique","5110","Area","6620","Cropland","2020","2020","1000 ha","15.873","B","Time series break",""
"RL","Land Use","474","Martinique","5110","Area","6621","Arable land","2020","2020","1000 ha","9.37","B","Time series break",""
"RL","Land Use","474","Martinique","5110","Area","6630","Temporary crops","2020","2020","1000 ha","7.286","B","Time series break",""
"RL","Land Use","474","Martinique","5110","Area","6633","Temporary meadows and pastures","2020","2020","1000 ha","0.297","B","Time series break",""
"RL","Land Use","474","Martinique","5110","Area","6640","Temporary fallow","2020","2020","1000 ha","1.787","B","Time series break",""
"RL","Land Use","474","Martinique","5110","Area","6650","Permanent crops","2020","2020","1000 ha","6.503","B","Time series break",""
"RL","Land Use","474","Martinique","5110","Area","6655","Permanent meadows and pastures","2020","2020","1000 ha","14.327","B","Time series break",""
"RL","Land Use","474","Martinique","5110","Area","6656","Perm. meadows & pastures - Cultivated","2020","2020","1000 ha","12.754","B","Time series break",""
"RL","Land Use","474","Martinique","5110","Area","6659","Perm. meadows & pastures - Nat. growing","2020","2020","1000 ha","1.573","B","Time series break",""
"RL","Land Use","478","Mauritania","5110","Area","6602","Agriculture","2020","2020","1000 ha","39710","I","Value imputed by a receiving agency",""
"RL","Land Use","478","Mauritania","5110","Area","6610","Agricultural land","2020","2020","1000 ha","39710","I","Value imputed by a receiving agency",""
"RL","Land Use","478","Mauritania","5110","Area","6620","Cropland","2020","2020","1000 ha","460","I","Value imputed by a receiving agency",""
"RL","Land Use","478","Mauritania","5110","Area","6621","Arable land","2020","2020","1000 ha","450","I","Value imputed by a receiving agency",""
"RL","Land Use","478","Mauritania","5110","Area","6630","Temporary crops","2020","2020","1000 ha","347.4352","I","Value imputed by a receiving agency",""
"RL","Land Use","478","Mauritania","5110","Area","6633","Temporary meadows and pastures","2020","2020","1000 ha","49.2455","I","Value imputed by a receiving agency",""
"RL","Land Use","478","Mauritania","5110","Area","6640","Temporary fallow","2020","2020","1000 ha","53.3192","I","Value imputed by a receiving agency",""
"RL","Land Use","478","Mauritania","5110","Area","6650","Permanent crops","2020","2020","1000 ha","10","I","Value imputed by a receiving agency",""
"RL","Land Use","478","Mauritania","5110","Area","6655","Permanent meadows and pastures","2020","2020","1000 ha","39250","I","Value imputed by a receiving agency",""
"RL","Land Use","480","Mauritius","5110","Area","6602","Agriculture","2020","2020","1000 ha","86","I","Value imputed by a receiving agency",""
"RL","Land Use","480","Mauritius","5110","Area","6610","Agricultural land","2020","2020","1000 ha","86","I","Value imputed by a receiving agency",""
"RL","Land Use","480","Mauritius","5110","Area","6620","Cropland","2020","2020","1000 ha","79","I","Value imputed by a receiving agency",""
"RL","Land Use","480","Mauritius","5110","Area","6621","Arable land","2020","2020","1000 ha","75","I","Value imputed by a receiving agency",""
"RL","Land Use","480","Mauritius","5110","Area","6630","Temporary crops","2020","2020","1000 ha","57.9059","I","Value imputed by a receiving agency",""
"RL","Land Use","480","Mauritius","5110","Area","6633","Temporary meadows and pastures","2020","2020","1000 ha","8.2076","I","Value imputed by a receiving agency",""
"RL","Land Use","480","Mauritius","5110","Area","6640","Temporary fallow","2020","2020","1000 ha","8.8865","I","Value imputed by a receiving agency",""
"RL","Land Use","480","Mauritius","5110","Area","6650","Permanent crops","2020","2020","1000 ha","3.9574","I","Value imputed by a receiving agency",""
"RL","Land Use","480","Mauritius","5110","Area","6655","Permanent meadows and pastures","2020","2020","1000 ha","7","I","Value imputed by a receiving agency",""
"RL","Land Use","175","Mayotte","5110","Area","6602","Agriculture","2020","2020","1000 ha","20.353","B","Time series break",""
"RL","Land Use","175","Mayotte","5110","Area","6610","Agricultural land","2020","2020","1000 ha","20.353","B","Time series break",""
"RL","Land Use","175","Mayotte","5110","Area","6620","Cropland","2020","2020","1000 ha","9.792","B","Time series break",""
"RL","Land Use","175","Mayotte","5110","Area","6621","Arable land","2020","2020","1000 ha","6.046","B","Time series break",""
"RL","Land Use","175","Mayotte","5110","Area","6630","Temporary crops","2020","2020","1000 ha","6.041","B","Time series break",""
"RL","Land Use","175","Mayotte","5110","Area","6633","Temporary meadows and pastures","2020","2020","1000 ha","0.001","B","Time series break",""
"RL","Land Use","175","Mayotte","5110","Area","6640","Temporary fallow","2020","2020","1000 ha","0.004","B","Time series break",""
"RL","Land Use","175","Mayotte","5110","Area","6650","Permanent crops","2020","2020","1000 ha","3.746","B","Time series break",""
"RL","Land Use","175","Mayotte","5110","Area","6655","Permanent meadows and pastures","2020","2020","1000 ha","0.086","B","Time series break",""
"RL","Land Use","175","Mayotte","5110","Area","6656","Perm. meadows & pastures - Cultivated","2020","2020","1000 ha","0.07","B","Time series break",""
"RL","Land Use","175","Mayotte","5110","Area","6659","Perm. meadows & pastures - Nat. growing","2020","2020","1000 ha","0.016","B","Time series break",""
"RL","Land Use","484","Mexico","5110","Area","6602","Agriculture","2020","2020","1000 ha","100142.4756","B","Time series break",""
"RL","Land Use","484","Mexico","5110","Area","6610","Agricultural land","2020","2020","1000 ha","100142.4756","B","Time series break",""
"RL","Land Use","484","Mexico","5110","Area","6620","Cropland","2020","2020","1000 ha","25901.4786","B","Time series break",""
"RL","Land Use","484","Mexico","5110","Area","6621","Arable land","2020","2020","1000 ha","21683.7992","B","Time series break",""
"RL","Land Use","484","Mexico","5110","Area","6630","Temporary crops","2020","2020","1000 ha","14707.1229","A","Official figure",""
"RL","Land Use","484","Mexico","5110","Area","6633","Temporary meadows and pastures","2020","2020","1000 ha","3002.6764","B","Time series break",""
"RL","Land Use","484","Mexico","5110","Area","6640","Temporary fallow","2020","2020","1000 ha","3974","A","Official figure",""
"RL","Land Use","484","Mexico","5110","Area","6650","Permanent crops","2020","2020","1000 ha","4217.6794","B","Time series break",""
"RL","Land Use","484","Mexico","5110","Area","6655","Permanent meadows and pastures","2020","2020","1000 ha","74241","A","Official figure",""
"RL","Land Use","484","Mexico","5110","Area","6656","Perm. meadows & pastures - Cultivated","2020","2020","1000 ha","2758.997","A","Official figure",""
"RL","Land Use","484","Mexico","5110","Area","6659","Perm. meadows & pastures - Nat. growing","2020","2020","1000 ha","71482","A","Official figure",""
"RL","Land Use","583","Micronesia (Federated States of)","5110","Area","6602","Agriculture","2020","2020","1000 ha","5","I","Value imputed by a receiving agency",""
"RL","Land Use","583","Micronesia (Federated States of)","5110","Area","6610","Agricultural land","2020","2020","1000 ha","5","I","Value imputed by a receiving agency",""
"RL","Land Use","583","Micronesia (Federated States of)","5110","Area","6620","Cropland","2020","2020","1000 ha","2","I","Value imputed by a receiving agency",""
"RL","Land Use","583","Micronesia (Federated States of)","5110","Area","6621","Arable land","2020","2020","1000 ha","2","I","Value imputed by a receiving agency",""
"RL","Land Use","583","Micronesia (Federated States of)","5110","Area","6630","Temporary crops","2020","2020","1000 ha","1.5442","I","Value imputed by a receiving agency",""
"RL","Land Use","583","Micronesia (Federated States of)","5110","Area","6633","Temporary meadows and pastures","2020","2020","1000 ha","0.2189","I","Value imputed by a receiving agency",""
"RL","Land Use","583","Micronesia (Federated States of)","5110","Area","6640","Temporary fallow","2020","2020","1000 ha","0.237","I","Value imputed by a receiving agency",""
"RL","Land Use","583","Micronesia (Federated States of)","5110","Area","6655","Permanent meadows and pastures","2020","2020","1000 ha","3","I","Value imputed by a receiving agency",""
"RL","Land Use","496","Mongolia","5110","Area","6602","Agriculture","2020","2020","1000 ha","112569.2247","A","Official figure",""
"RL","Land Use","496","Mongolia","5110","Area","6610","Agricultural land","2020","2020","1000 ha","112481.5669","A","Official figure",""
"RL","Land Use","496","Mongolia","5110","Area","6620","Cropland","2020","2020","1000 ha","1127.5","A","Official figure",""
"RL","Land Use","496","Mongolia","5110","Area","6621","Arable land","2020","2020","1000 ha","1122.005","I","Value imputed by a receiving agency",""
"RL","Land Use","496","Mongolia","5110","Area","6630","Temporary crops","2020","2020","1000 ha","904.0647","I","Value imputed by a receiving agency",""
"RL","Land Use","496","Mongolia","5110","Area","6633","Temporary meadows and pastures","2020","2020","1000 ha","0","I","Value imputed by a receiving agency",""
"RL","Land Use","496","Mongolia","5110","Area","6640","Temporary fallow","2020","2020","1000 ha","217.9403","A","Official figure",""
"RL","Land Use","496","Mongolia","5110","Area","6650","Permanent crops","2020","2020","1000 ha","5.495","I","Value imputed by a receiving agency",""
"RL","Land Use","496","Mongolia","5110","Area","6655","Permanent meadows and pastures","2020","2020","1000 ha","111354.0669","A","Official figure",""
"RL","Land Use","496","Mongolia","5110","Area","6656","Perm. meadows & pastures - Cultivated","2020","2020","1000 ha","1708.4324","A","Official figure",""
"RL","Land Use","496","Mongolia","5110","Area","6659","Perm. meadows & pastures - Nat. growing","2020","2020","1000 ha","109645.6346","A","Official figure",""
"RL","Land Use","496","Mongolia","5110","Area","6649","Farm buildings and Farmyards","2020","2020","1000 ha","87.6578","A","Official figure",""
"RL","Land Use","499","Montenegro","5110","Area","6602","Agriculture","2020","2020","1000 ha","257.95","I","Value imputed by a receiving agency",""
"RL","Land Use","499","Montenegro","5110","Area","6610","Agricultural land","2020","2020","1000 ha","257.95","A","Official figure",""
"RL","Land Use","499","Montenegro","5110","Area","6620","Cropland","2020","2020","1000 ha","14.65","A","Official figure",""
"RL","Land Use","499","Montenegro","5110","Area","6621","Arable land","2020","2020","1000 ha","9.1","A","Official figure",""
"RL","Land Use","499","Montenegro","5110","Area","6630","Temporary crops","2020","2020","1000 ha","7.59","I","Value imputed by a receiving agency",""
"RL","Land Use","499","Montenegro","5110","Area","6633","Temporary meadows and pastures","2020","2020","1000 ha","1.4","I","Value imputed by a receiving agency",""
"RL","Land Use","499","Montenegro","5110","Area","6640","Temporary fallow","2020","2020","1000 ha","0.11","X","Figure from external organization",""
"RL","Land Use","499","Montenegro","5110","Area","6650","Permanent crops","2020","2020","1000 ha","5.55","A","Official figure",""
"RL","Land Use","499","Montenegro","5110","Area","6655","Permanent meadows and pastures","2020","2020","1000 ha","243.3","A","Official figure",""
"RL","Land Use","499","Montenegro","5110","Area","6656","Perm. meadows & pastures - Cultivated","2020","2020","1000 ha","243.3","I","Value imputed by a receiving agency",""
"RL","Land Use","500","Montserrat","5110","Area","6602","Agriculture","2020","2020","1000 ha","3","I","Value imputed by a receiving agency",""
"RL","Land Use","500","Montserrat","5110","Area","6610","Agricultural land","2020","2020","1000 ha","3","I","Value imputed by a receiving agency",""
"RL","Land Use","500","Montserrat","5110","Area","6620","Cropland","2020","2020","1000 ha","2","I","Value imputed by a receiving agency",""
"RL","Land Use","500","Montserrat","5110","Area","6621","Arable land","2020","2020","1000 ha","2","I","Value imputed by a receiving agency",""
"RL","Land Use","500","Montserrat","5110","Area","6630","Temporary crops","2020","2020","1000 ha","1.5442","I","Value imputed by a receiving agency",""
"RL","Land Use","500","Montserrat","5110","Area","6633","Temporary meadows and pastures","2020","2020","1000 ha","0.2189","I","Value imputed by a receiving agency",""
"RL","Land Use","500","Montserrat","5110","Area","6640","Temporary fallow","2020","2020","1000 ha","0.237","I","Value imputed by a receiving agency",""
"RL","Land Use","500","Montserrat","5110","Area","6655","Permanent meadows and pastures","2020","2020","1000 ha","1","I","Value imputed by a receiving agency",""
"RL","Land Use","504","Morocco","5110","Area","6602","Agriculture","2020","2020","1000 ha","29999.1594","I","Value imputed by a receiving agency",""
"RL","Land Use","504","Morocco","5110","Area","6610","Agricultural land","2020","2020","1000 ha","29911.2594","I","Value imputed by a receiving agency",""
"RL","Land Use","504","Morocco","5110","Area","6620","Cropland","2020","2020","1000 ha","8911.2593","I","Value imputed by a receiving agency",""
"RL","Land Use","504","Morocco","5110","Area","6621","Arable land","2020","2020","1000 ha","7175.0354","I","Value imputed by a receiving agency",""
"RL","Land Use","504","Morocco","5110","Area","6630","Temporary crops","2020","2020","1000 ha","5771.6225","I","Value imputed by a receiving agency",""
"RL","Land Use","504","Morocco","5110","Area","6633","Temporary meadows and pastures","2020","2020","1000 ha","331.3058","I","Value imputed by a receiving agency",""
"RL","Land Use","504","Morocco","5110","Area","6640","Temporary fallow","2020","2020","1000 ha","1072.107","I","Value imputed by a receiving agency",""
"RL","Land Use","504","Morocco","5110","Area","6650","Permanent crops","2020","2020","1000 ha","1736.224","I","Value imputed by a receiving agency",""
"RL","Land Use","504","Morocco","5110","Area","6655","Permanent meadows and pastures","2020","2020","1000 ha","21000","I","Value imputed by a receiving agency",""
"RL","Land Use","504","Morocco","5110","Area","6649","Farm buildings and Farmyards","2020","2020","1000 ha","87.9","I","Value imputed by a receiving agency",""
"RL","Land Use","508","Mozambique","5110","Area","6602","Agriculture","2020","2020","1000 ha","41504.632","I","Value imputed by a receiving agency",""
"RL","Land Use","508","Mozambique","5110","Area","6610","Agricultural land","2020","2020","1000 ha","41504.632","I","Value imputed by a receiving agency",""
"RL","Land Use","508","Mozambique","5110","Area","6620","Cropland","2020","2020","1000 ha","6040.8","I","Value imputed by a receiving agency",""
"RL","Land Use","508","Mozambique","5110","Area","6621","Arable land","2020","2020","1000 ha","5650","I","Value imputed by a receiving agency",""
"RL","Land Use","508","Mozambique","5110","Area","6630","Temporary crops","2020","2020","1000 ha","4362.2422","I","Value imputed by a receiving agency",""
"RL","Land Use","508","Mozambique","5110","Area","6633","Temporary meadows and pastures","2020","2020","1000 ha","910.7578","I","Value imputed by a receiving agency",""
"RL","Land Use","508","Mozambique","5110","Area","6640","Temporary fallow","2020","2020","1000 ha","377","I","Value imputed by a receiving agency",""
"RL","Land Use","508","Mozambique","5110","Area","6650","Permanent crops","2020","2020","1000 ha","390.8","I","Value imputed by a receiving agency",""
"RL","Land Use","508","Mozambique","5110","Area","6655","Permanent meadows and pastures","2020","2020","1000 ha","35463.832","I","Value imputed by a receiving agency",""
"RL","Land Use","104","Myanmar","5110","Area","6602","Agriculture","2020","2020","1000 ha","12980","I","Value imputed by a receiving agency",""
"RL","Land Use","104","Myanmar","5110","Area","6610","Agricultural land","2020","2020","1000 ha","12980","I","Value imputed by a receiving agency",""
"RL","Land Use","104","Myanmar","5110","Area","6620","Cropland","2020","2020","1000 ha","12500","A","Official figure",""
"RL","Land Use","104","Myanmar","5110","Area","6621","Arable land","2020","2020","1000 ha","10990","I","Value imputed by a receiving agency",""
"RL","Land Use","104","Myanmar","5110","Area","6630","Temporary crops","2020","2020","1000 ha","10483","I","Value imputed by a receiving agency",""
"RL","Land Use","104","Myanmar","5110","Area","6633","Temporary meadows and pastures","2020","2020","1000 ha","0","I","Value imputed by a receiving agency",""
"RL","Land Use","104","Myanmar","5110","Area","6640","Temporary fallow","2020","2020","1000 ha","507","A","Official figure",""
"RL","Land Use","104","Myanmar","5110","Area","6650","Permanent crops","2020","2020","1000 ha","1510","I","Value imputed by a receiving agency",""
"RL","Land Use","104","Myanmar","5110","Area","6655","Permanent meadows and pastures","2020","2020","1000 ha","480","I","Value imputed by a receiving agency",""
"RL","Land Use","104","Myanmar","5110","Area","6656","Perm. meadows & pastures - Cultivated","2020","2020","1000 ha","182","A","Official figure",""
"RL","Land Use","104","Myanmar","5110","Area","6659","Perm. meadows & pastures - Nat. growing","2020","2020","1000 ha","298","A","Official figure",""
"RL","Land Use","516","Namibia","5110","Area","6602","Agriculture","2020","2020","1000 ha","38811","I","Value imputed by a receiving agency",""
"RL","Land Use","516","Namibia","5110","Area","6610","Agricultural land","2020","2020","1000 ha","38811","I","Value imputed by a receiving agency",""
"RL","Land Use","516","Namibia","5110","Area","6620","Cropland","2020","2020","1000 ha","811","I","Value imputed by a receiving agency",""
"RL","Land Use","516","Namibia","5110","Area","6621","Arable land","2020","2020","1000 ha","800","I","Value imputed by a receiving agency",""
"RL","Land Use","516","Namibia","5110","Area","6630","Temporary crops","2020","2020","1000 ha","617.6626","I","Value imputed by a receiving agency",""
"RL","Land Use","516","Namibia","5110","Area","6633","Temporary meadows and pastures","2020","2020","1000 ha","87.5476","I","Value imputed by a receiving agency",""
"RL","Land Use","516","Namibia","5110","Area","6640","Temporary fallow","2020","2020","1000 ha","94.7898","I","Value imputed by a receiving agency",""
"RL","Land Use","516","Namibia","5110","Area","6650","Permanent crops","2020","2020","1000 ha","11","I","Value imputed by a receiving agency",""
"RL","Land Use","516","Namibia","5110","Area","6655","Permanent meadows and pastures","2020","2020","1000 ha","38000","I","Value imputed by a receiving agency",""
"RL","Land Use","520","Nauru","5110","Area","6602","Agriculture","2020","2020","1000 ha","0.4","I","Value imputed by a receiving agency",""
"RL","Land Use","520","Nauru","5110","Area","6610","Agricultural land","2020","2020","1000 ha","0.4","I","Value imputed by a receiving agency",""
"RL","Land Use","520","Nauru","5110","Area","6620","Cropland","2020","2020","1000 ha","0.4","I","Value imputed by a receiving agency",""
"RL","Land Use","520","Nauru","5110","Area","6650","Permanent crops","2020","2020","1000 ha","0.4","I","Value imputed by a receiving agency",""
"RL","Land Use","524","Nepal","5110","Area","6602","Agriculture","2020","2020","1000 ha","3798.9328","I","Value imputed by a receiving agency",""
"RL","Land Use","524","Nepal","5110","Area","6610","Agricultural land","2020","2020","1000 ha","3798.9328","I","Value imputed by a receiving agency",""
"RL","Land Use","524","Nepal","5110","Area","6620","Cropland","2020","2020","1000 ha","2003.6328","I","Value imputed by a receiving agency",""
"RL","Land Use","524","Nepal","5110","Area","6621","Arable land","2020","2020","1000 ha","1869.0545","I","Value imputed by a receiving agency",""
"RL","Land Use","524","Nepal","5110","Area","6630","Temporary crops","2020","2020","1000 ha","1802.3273","I","Value imputed by a receiving agency",""
"RL","Land Use","524","Nepal","5110","Area","6633","Temporary meadows and pastures","2020","2020","1000 ha","11.3455","I","Value imputed by a receiving agency",""
"RL","Land Use","524","Nepal","5110","Area","6640","Temporary fallow","2020","2020","1000 ha","55.5455","I","Value imputed by a receiving agency",""
"RL","Land Use","524","Nepal","5110","Area","6650","Permanent crops","2020","2020","1000 ha","134.5783","I","Value imputed by a receiving agency",""
"RL","Land Use","524","Nepal","5110","Area","6655","Permanent meadows and pastures","2020","2020","1000 ha","1795.3","I","Value imputed by a receiving agency",""
"RL","Land Use","524","Nepal","5110","Area","6656","Perm. meadows & pastures - Cultivated","2020","2020","1000 ha","33.9636","I","Value imputed by a receiving agency",""
"RL","Land Use","524","Nepal","5110","Area","6659","Perm. meadows & pastures - Nat. growing","2020","2020","1000 ha","1761.3364","I","Value imputed by a receiving agency",""
"RL","Land Use","528","Netherlands (Kingdom of the)","5110","Area","6602","Agriculture","2020","2020","1000 ha","1814.45","I","Value imputed by a receiving agency",""
"RL","Land Use","528","Netherlands (Kingdom of the)","5110","Area","6610","Agricultural land","2020","2020","1000 ha","1814.45","A","Official figure",""
"RL","Land Use","528","Netherlands (Kingdom of the)","5110","Area","6620","Cropland","2020","2020","1000 ha","1042.04","A","Official figure",""
"RL","Land Use","528","Netherlands (Kingdom of the)","5110","Area","6621","Arable land","2020","2020","1000 ha","1004.83","A","Official figure",""
"RL","Land Use","528","Netherlands (Kingdom of the)","5110","Area","6630","Temporary crops","2020","2020","1000 ha","790.84","A","Official figure",""
"RL","Land Use","528","Netherlands (Kingdom of the)","5110","Area","6633","Temporary meadows and pastures","2020","2020","1000 ha","205.13","A","Official figure",""
"RL","Land Use","528","Netherlands (Kingdom of the)","5110","Area","6640","Temporary fallow","2020","2020","1000 ha","8.86","A","Official figure",""
"RL","Land Use","528","Netherlands (Kingdom of the)","5110","Area","6650","Permanent crops","2020","2020","1000 ha","37.21","A","Official figure",""
"RL","Land Use","528","Netherlands (Kingdom of the)","5110","Area","6655","Permanent meadows and pastures","2020","2020","1000 ha","772.41","A","Official figure",""
"RL","Land Use","528","Netherlands (Kingdom of the)","5110","Area","6656","Perm. meadows & pastures - Cultivated","2020","2020","1000 ha","694.44","A","Official figure",""
"RL","Land Use","528","Netherlands (Kingdom of the)","5110","Area","6659","Perm. meadows & pastures - Nat. growing","2020","2020","1000 ha","77.97","A","Official figure",""
"RL","Land Use","540","New Caledonia","5110","Area","6602","Agriculture","2020","2020","1000 ha","184.03","I","Value imputed by a receiving agency",""
"RL","Land Use","540","New Caledonia","5110","Area","6610","Agricultural land","2020","2020","1000 ha","184.03","I","Value imputed by a receiving agency",""
"RL","Land Use","540","New Caledonia","5110","Area","6620","Cropland","2020","2020","1000 ha","9.7","I","Value imputed by a receiving agency",""
"RL","Land Use","540","New Caledonia","5110","Area","6621","Arable land","2020","2020","1000 ha","5.97","A","Official figure",""
"RL","Land Use","540","New Caledonia","5110","Area","6630","Temporary crops","2020","2020","1000 ha","4.187","A","Official figure",""
"RL","Land Use","540","New Caledonia","5110","Area","6633","Temporary meadows and pastures","2020","2020","1000 ha","0","I","Value imputed by a receiving agency",""
"RL","Land Use","540","New Caledonia","5110","Area","6640","Temporary fallow","2020","2020","1000 ha","1.783","A","Official figure",""
"RL","Land Use","540","New Caledonia","5110","Area","6650","Permanent crops","2020","2020","1000 ha","3.73","I","Value imputed by a receiving agency",""
"RL","Land Use","540","New Caledonia","5110","Area","6655","Permanent meadows and pastures","2020","2020","1000 ha","174.33","A","Official figure",""
"RL","Land Use","540","New Caledonia","5110","Area","6656","Perm. meadows & pastures - Cultivated","2020","2020","1000 ha","32.07","A","Official figure",""
"RL","Land Use","540","New Caledonia","5110","Area","6659","Perm. meadows & pastures - Nat. growing","2020","2020","1000 ha","142.2645","A","Official figure",""
"RL","Land Use","554","New Zealand","5110","Area","6602","Agriculture","2020","2020","1000 ha","10154","I","Value imputed by a receiving agency",""
"RL","Land Use","554","New Zealand","5110","Area","6610","Agricultural land","2020","2020","1000 ha","10154","A","Official figure",""
"RL","Land Use","554","New Zealand","5110","Area","6620","Cropland","2020","2020","1000 ha","601","I","Value imputed by a receiving agency",""
"RL","Land Use","554","New Zealand","5110","Area","6621","Arable land","2020","2020","1000 ha","527","A","Official figure",""
"RL","Land Use","554","New Zealand","5110","Area","6630","Temporary crops","2020","2020","1000 ha","406.8852","I","Value imputed by a receiving agency",""
"RL","Land Use","554","New Zealand","5110","Area","6633","Temporary meadows and pastures","2020","2020","1000 ha","57.672","I","Value imputed by a receiving agency",""
"RL","Land Use","554","New Zealand","5110","Area","6640","Temporary fallow","2020","2020","1000 ha","62.4428","I","Value imputed by a receiving agency",""
"RL","Land Use","554","New Zealand","5110","Area","6650","Permanent crops","2020","2020","1000 ha","74","A","Official figure",""
"RL","Land Use","554","New Zealand","5110","Area","6655","Permanent meadows and pastures","2020","2020","1000 ha","9553","A","Official figure",""
"RL","Land Use","554","New Zealand","5110","Area","6656","Perm. meadows & pastures - Cultivated","2020","2020","1000 ha","7089.551","I","Value imputed by a receiving agency",""
"RL","Land Use","554","New Zealand","5110","Area","6659","Perm. meadows & pastures - Nat. growing","2020","2020","1000 ha","2463.449","I","Value imputed by a receiving agency",""
"RL","Land Use","558","Nicaragua","5110","Area","6602","Agriculture","2020","2020","1000 ha","5091","I","Value imputed by a receiving agency",""
"RL","Land Use","558","Nicaragua","5110","Area","6610","Agricultural land","2020","2020","1000 ha","5091","I","Value imputed by a receiving agency",""
"RL","Land Use","558","Nicaragua","5110","Area","6620","Cropland","2020","2020","1000 ha","1799","I","Value imputed by a receiving agency",""
"RL","Land Use","558","Nicaragua","5110","Area","6621","Arable land","2020","2020","1000 ha","1503","I","Value imputed by a receiving agency",""
"RL","Land Use","558","Nicaragua","5110","Area","6630","Temporary crops","2020","2020","1000 ha","801","I","Value imputed by a receiving agency",""
"RL","Land Use","558","Nicaragua","5110","Area","6633","Temporary meadows and pastures","2020","2020","1000 ha","0","I","Value imputed by a receiving agency",""
"RL","Land Use","558","Nicaragua","5110","Area","6640","Temporary fallow","2020","2020","1000 ha","702","I","Value imputed by a receiving agency",""
"RL","Land Use","558","Nicaragua","5110","Area","6650","Permanent crops","2020","2020","1000 ha","296","I","Value imputed by a receiving agency",""
"RL","Land Use","558","Nicaragua","5110","Area","6655","Permanent meadows and pastures","2020","2020","1000 ha","3292","I","Value imputed by a receiving agency",""
"RL","Land Use","558","Nicaragua","5110","Area","6656","Perm. meadows & pastures - Cultivated","2020","2020","1000 ha","954","I","Value imputed by a receiving agency",""
"RL","Land Use","558","Nicaragua","5110","Area","6659","Perm. meadows & pastures - Nat. growing","2020","2020","1000 ha","2338","I","Value imputed by a receiving agency",""
"RL","Land Use","562","Niger","5110","Area","6602","Agriculture","2020","2020","1000 ha","46597.7","I","Value imputed by a receiving agency",""
"RL","Land Use","562","Niger","5110","Area","6610","Agricultural land","2020","2020","1000 ha","46597.7","I","Value imputed by a receiving agency",""
"RL","Land Use","562","Niger","5110","Area","6620","Cropland","2020","2020","1000 ha","17815.7","I","Value imputed by a receiving agency",""
"RL","Land Use","562","Niger","5110","Area","6621","Arable land","2020","2020","1000 ha","17700","I","Value imputed by a receiving agency",""
"RL","Land Use","562","Niger","5110","Area","6630","Temporary crops","2020","2020","1000 ha","13665.7854","I","Value imputed by a receiving agency",""
"RL","Land Use","562","Niger","5110","Area","6633","Temporary meadows and pastures","2020","2020","1000 ha","1936.9912","I","Value imputed by a receiving agency",""
"RL","Land Use","562","Niger","5110","Area","6640","Temporary fallow","2020","2020","1000 ha","2097.2235","I","Value imputed by a receiving agency",""
"RL","Land Use","562","Niger","5110","Area","6650","Permanent crops","2020","2020","1000 ha","115.7","I","Value imputed by a receiving agency",""
"RL","Land Use","562","Niger","5110","Area","6655","Permanent meadows and pastures","2020","2020","1000 ha","28782","I","Value imputed by a receiving agency",""
"RL","Land Use","566","Nigeria","5110","Area","6602","Agriculture","2020","2020","1000 ha","68689.4646","I","Value imputed by a receiving agency",""
"RL","Land Use","566","Nigeria","5110","Area","6610","Agricultural land","2020","2020","1000 ha","68689.4646","I","Value imputed by a receiving agency",""
"RL","Land Use","566","Nigeria","5110","Area","6620","Cropland","2020","2020","1000 ha","43668.4647","I","Value imputed by a receiving agency",""
"RL","Land Use","566","Nigeria","5110","Area","6621","Arable land","2020","2020","1000 ha","36872","I","Value imputed by a receiving agency",""
"RL","Land Use","566","Nigeria","5110","Area","6630","Temporary crops","2020","2020","1000 ha","28468.0699","I","Value imputed by a receiving agency",""
"RL","Land Use","566","Nigeria","5110","Area","6633","Temporary meadows and pastures","2020","2020","1000 ha","4035.07","I","Value imputed by a receiving agency",""
"RL","Land Use","566","Nigeria","5110","Area","6640","Temporary fallow","2020","2020","1000 ha","4368.8601","I","Value imputed by a receiving agency",""
"RL","Land Use","566","Nigeria","5110","Area","6650","Permanent crops","2020","2020","1000 ha","6796.4646","I","Value imputed by a receiving agency",""
"RL","Land Use","566","Nigeria","5110","Area","6655","Permanent meadows and pastures","2020","2020","1000 ha","25021","I","Value imputed by a receiving agency",""
"RL","Land Use","570","Niue","5110","Area","6602","Agriculture","2020","2020","1000 ha","4.8","I","Value imputed by a receiving agency",""
"RL","Land Use","570","Niue","5110","Area","6610","Agricultural land","2020","2020","1000 ha","4.8","I","Value imputed by a receiving agency",""
"RL","Land Use","570","Niue","5110","Area","6620","Cropland","2020","2020","1000 ha","3.8","I","Value imputed by a receiving agency",""
"RL","Land Use","570","Niue","5110","Area","6621","Arable land","2020","2020","1000 ha","1","I","Value imputed by a receiving agency",""
"RL","Land Use","570","Niue","5110","Area","6630","Temporary crops","2020","2020","1000 ha","0.7721","I","Value imputed by a receiving agency",""
"RL","Land Use","570","Niue","5110","Area","6633","Temporary meadows and pastures","2020","2020","1000 ha","0.1856","I","Value imputed by a receiving agency",""
"RL","Land Use","570","Niue","5110","Area","6640","Temporary fallow","2020","2020","1000 ha","0.0424","I","Value imputed by a receiving agency",""
"RL","Land Use","570","Niue","5110","Area","6650","Permanent crops","2020","2020","1000 ha","2.8","I","Value imputed by a receiving agency",""
"RL","Land Use","570","Niue","5110","Area","6655","Permanent meadows and pastures","2020","2020","1000 ha","1","I","Value imputed by a receiving agency",""
"RL","Land Use","574","Norfolk Island","5110","Area","6602","Agriculture","2020","2020","1000 ha","1","I","Value imputed by a receiving agency",""
"RL","Land Use","574","Norfolk Island","5110","Area","6610","Agricultural land","2020","2020","1000 ha","1","I","Value imputed by a receiving agency",""
"RL","Land Use","574","Norfolk Island","5110","Area","6655","Permanent meadows and pastures","2020","2020","1000 ha","1","I","Value imputed by a receiving agency",""
"RL","Land Use","807","North Macedonia","5110","Area","6602","Agriculture","2020","2020","1000 ha","1262","A","Official figure",""
"RL","Land Use","807","North Macedonia","5110","Area","6610","Agricultural land","2020","2020","1000 ha","1262","A","Official figure",""
"RL","Land Use","807","North Macedonia","5110","Area","6620","Cropland","2020","2020","1000 ha","457","A","Official figure",""
"RL","Land Use","807","North Macedonia","5110","Area","6621","Arable land","2020","2020","1000 ha","416","A","Official figure",""
"RL","Land Use","807","North Macedonia","5110","Area","6630","Temporary crops","2020","2020","1000 ha","275","A","Official figure",""
"RL","Land Use","807","North Macedonia","5110","Area","6633","Temporary meadows and pastures","2020","2020","1000 ha","0","A","Official figure",""
"RL","Land Use","807","North Macedonia","5110","Area","6640","Temporary fallow","2020","2020","1000 ha","141","A","Official figure",""
"RL","Land Use","807","North Macedonia","5110","Area","6650","Permanent crops","2020","2020","1000 ha","41","A","Official figure",""
"RL","Land Use","807","North Macedonia","5110","Area","6655","Permanent meadows and pastures","2020","2020","1000 ha","805","A","Official figure",""
"RL","Land Use","807","North Macedonia","5110","Area","6656","Perm. meadows & pastures - Cultivated","2020","2020","1000 ha","60","A","Official figure",""
"RL","Land Use","807","North Macedonia","5110","Area","6659","Perm. meadows & pastures - Nat. growing","2020","2020","1000 ha","745","A","Official figure",""
"RL","Land Use","580","Northern Mariana Islands","5110","Area","6602","Agriculture","2020","2020","1000 ha","0.54","I","Value imputed by a receiving agency",""
"RL","Land Use","580","Northern Mariana Islands","5110","Area","6610","Agricultural land","2020","2020","1000 ha","0.54","I","Value imputed by a receiving agency",""
"RL","Land Use","580","Northern Mariana Islands","5110","Area","6620","Cropland","2020","2020","1000 ha","0.17","I","Value imputed by a receiving agency",""
"RL","Land Use","580","Northern Mariana Islands","5110","Area","6621","Arable land","2020","2020","1000 ha","0.08","I","Value imputed by a receiving agency",""
"RL","Land Use","580","Northern Mariana Islands","5110","Area","6630","Temporary crops","2020","2020","1000 ha","0.0618","I","Value imputed by a receiving agency",""
"RL","Land Use","580","Northern Mariana Islands","5110","Area","6633","Temporary meadows and pastures","2020","2020","1000 ha","0.0088","I","Value imputed by a receiving agency",""
"RL","Land Use","580","Northern Mariana Islands","5110","Area","6640","Temporary fallow","2020","2020","1000 ha","0.0095","I","Value imputed by a receiving agency",""
"RL","Land Use","580","Northern Mariana Islands","5110","Area","6650","Permanent crops","2020","2020","1000 ha","0.09","I","Value imputed by a receiving agency",""
"RL","Land Use","580","Northern Mariana Islands","5110","Area","6655","Permanent meadows and pastures","2020","2020","1000 ha","0.37","I","Value imputed by a receiving agency",""
"RL","Land Use","578","Norway","5110","Area","6602","Agriculture","2020","2020","1000 ha","985.962","I","Value imputed by a receiving agency",""
"RL","Land Use","578","Norway","5110","Area","6610","Agricultural land","2020","2020","1000 ha","985.962","A","Official figure",""
"RL","Land Use","578","Norway","5110","Area","6620","Cropland","2020","2020","1000 ha","807.663","A","Official figure",""
"RL","Land Use","578","Norway","5110","Area","6621","Arable land","2020","2020","1000 ha","804.497","A","Official figure",""
"RL","Land Use","578","Norway","5110","Area","6630","Temporary crops","2020","2020","1000 ha","322.753","A","Official figure",""
"RL","Land Use","578","Norway","5110","Area","6633","Temporary meadows and pastures","2020","2020","1000 ha","480.57","A","Official figure",""
"RL","Land Use","578","Norway","5110","Area","6640","Temporary fallow","2020","2020","1000 ha","1.175","A","Official figure",""
"RL","Land Use","578","Norway","5110","Area","6650","Permanent crops","2020","2020","1000 ha","3.165","A","Official figure",""
"RL","Land Use","578","Norway","5110","Area","6655","Permanent meadows and pastures","2020","2020","1000 ha","178.299","A","Official figure",""
"RL","Land Use","578","Norway","5110","Area","6656","Perm. meadows & pastures - Cultivated","2020","2020","1000 ha","20.612","A","Official figure",""
"RL","Land Use","578","Norway","5110","Area","6659","Perm. meadows & pastures - Nat. growing","2020","2020","1000 ha","157.687","A","Official figure",""
"RL","Land Use","512","Oman","5110","Area","6602","Agriculture","2020","2020","1000 ha","1458.93","I","Value imputed by a receiving agency",""
"RL","Land Use","512","Oman","5110","Area","6610","Agricultural land","2020","2020","1000 ha","1458.93","I","Value imputed by a receiving agency",""
"RL","Land Use","512","Oman","5110","Area","6620","Cropland","2020","2020","1000 ha","110.4","A","Official figure",""
"RL","Land Use","512","Oman","5110","Area","6621","Arable land","2020","2020","1000 ha","77.85","A","Official figure",""
"RL","Land Use","512","Oman","5110","Area","6630","Temporary crops","2020","2020","1000 ha","27.46","A","Official figure",""
"RL","Land Use","512","Oman","5110","Area","6633","Temporary meadows and pastures","2020","2020","1000 ha","50.38","A","Official figure",""
"RL","Land Use","512","Oman","5110","Area","6640","Temporary fallow","2020","2020","1000 ha","0","I","Value imputed by a receiving agency",""
"RL","Land Use","512","Oman","5110","Area","6650","Permanent crops","2020","2020","1000 ha","32.55","A","Official figure",""
"RL","Land Use","512","Oman","5110","Area","6655","Permanent meadows and pastures","2020","2020","1000 ha","1350","I","Value imputed by a receiving agency",""
"RL","Land Use","512","Oman","5110","Area","6659","Perm. meadows & pastures - Nat. growing","2020","2020","1000 ha","1350","A","Official figure",""
"RL","Land Use","586","Pakistan","5110","Area","6602","Agriculture","2020","2020","1000 ha","36673","I","Value imputed by a receiving agency",""
"RL","Land Use","586","Pakistan","5110","Area","6610","Agricultural land","2020","2020","1000 ha","36673","I","Value imputed by a receiving agency",""
"RL","Land Use","586","Pakistan","5110","Area","6620","Cropland","2020","2020","1000 ha","31673","A","Official figure",""
"RL","Land Use","586","Pakistan","5110","Area","6621","Arable land","2020","2020","1000 ha","30930","A","Official figure",""
"RL","Land Use","586","Pakistan","5110","Area","6630","Temporary crops","2020","2020","1000 ha","15770","A","Official figure",""
"RL","Land Use","586","Pakistan","5110","Area","6640","Temporary fallow","2020","2020","1000 ha","15160","A","Official figure",""
"RL","Land Use","586","Pakistan","5110","Area","6650","Permanent crops","2020","2020","1000 ha","743","A","Official figure",""
"RL","Land Use","586","Pakistan","5110","Area","6655","Permanent meadows and pastures","2020","2020","1000 ha","5000","I","Value imputed by a receiving agency",""
"RL","Land Use","585","Palau","5110","Area","6602","Agriculture","2020","2020","1000 ha","4.3","I","Value imputed by a receiving agency",""
"RL","Land Use","585","Palau","5110","Area","6610","Agricultural land","2020","2020","1000 ha","4.3","I","Value imputed by a receiving agency",""
"RL","Land Use","585","Palau","5110","Area","6620","Cropland","2020","2020","1000 ha","2.3","I","Value imputed by a receiving agency",""
"RL","Land Use","585","Palau","5110","Area","6621","Arable land","2020","2020","1000 ha","0.3","I","Value imputed by a receiving agency",""
"RL","Land Use","585","Palau","5110","Area","6630","Temporary crops","2020","2020","1000 ha","0.2316","I","Value imputed by a receiving agency",""
"RL","Land Use","585","Palau","5110","Area","6633","Temporary meadows and pastures","2020","2020","1000 ha","0.0328","I","Value imputed by a receiving agency",""
"RL","Land Use","585","Palau","5110","Area","6640","Temporary fallow","2020","2020","1000 ha","0.0355","I","Value imputed by a receiving agency",""
"RL","Land Use","585","Palau","5110","Area","6650","Permanent crops","2020","2020","1000 ha","2","I","Value imputed by a receiving agency",""
"RL","Land Use","585","Palau","5110","Area","6655","Permanent meadows and pastures","2020","2020","1000 ha","2","I","Value imputed by a receiving agency",""
"RL","Land Use","275","Palestine","5110","Area","6602","Agriculture","2020","2020","1000 ha","407.8636","I","Value imputed by a receiving agency",""
"RL","Land Use","275","Palestine","5110","Area","6610","Agricultural land","2020","2020","1000 ha","407.8636","I","Value imputed by a receiving agency",""
"RL","Land Use","275","Palestine","5110","Area","6620","Cropland","2020","2020","1000 ha","130.8636","I","Value imputed by a receiving agency",""
"RL","Land Use","275","Palestine","5110","Area","6621","Arable land","2020","2020","1000 ha","46.1636","I","Value imputed by a receiving agency",""
"RL","Land Use","275","Palestine","5110","Area","6630","Temporary crops","2020","2020","1000 ha","40","I","Value imputed by a receiving agency",""
"RL","Land Use","275","Palestine","5110","Area","6633","Temporary meadows and pastures","2020","2020","1000 ha","0","I","Value imputed by a receiving agency",""
"RL","Land Use","275","Palestine","5110","Area","6640","Temporary fallow","2020","2020","1000 ha","6.1636","I","Value imputed by a receiving agency",""
"RL","Land Use","275","Palestine","5110","Area","6650","Permanent crops","2020","2020","1000 ha","84.7","I","Value imputed by a receiving agency",""
"RL","Land Use","275","Palestine","5110","Area","6655","Permanent meadows and pastures","2020","2020","1000 ha","277","I","Value imputed by a receiving agency",""
"RL","Land Use","591","Panama","5110","Area","6602","Agriculture","2020","2020","1000 ha","2174.1","I","Value imputed by a receiving agency",""
"RL","Land Use","591","Panama","5110","Area","6610","Agricultural land","2020","2020","1000 ha","2174.1","I","Value imputed by a receiving agency",""
"RL","Land Use","591","Panama","5110","Area","6620","Cropland","2020","2020","1000 ha","665.1","I","Value imputed by a receiving agency",""
"RL","Land Use","591","Panama","5110","Area","6621","Arable land","2020","2020","1000 ha","565","I","Value imputed by a receiving agency",""
"RL","Land Use","591","Panama","5110","Area","6630","Temporary crops","2020","2020","1000 ha","253.5646","I","Value imputed by a receiving agency",""
"RL","Land Use","591","Panama","5110","Area","6633","Temporary meadows and pastures","2020","2020","1000 ha","25.4354","I","Value imputed by a receiving agency",""
"RL","Land Use","591","Panama","5110","Area","6640","Temporary fallow","2020","2020","1000 ha","286","I","Value imputed by a receiving agency",""
"RL","Land Use","591","Panama","5110","Area","6650","Permanent crops","2020","2020","1000 ha","100.1","A","Official figure",""
"RL","Land Use","591","Panama","5110","Area","6655","Permanent meadows and pastures","2020","2020","1000 ha","1509","I","Value imputed by a receiving agency",""
"RL","Land Use","598","Papua New Guinea","5110","Area","6602","Agriculture","2020","2020","1000 ha","1405","I","Value imputed by a receiving agency",""
"RL","Land Use","598","Papua New Guinea","5110","Area","6610","Agricultural land","2020","2020","1000 ha","1405","I","Value imputed by a receiving agency",""
"RL","Land Use","598","Papua New Guinea","5110","Area","6620","Cropland","2020","2020","1000 ha","1215","I","Value imputed by a receiving agency",""
"RL","Land Use","598","Papua New Guinea","5110","Area","6621","Arable land","2020","2020","1000 ha","330","I","Value imputed by a receiving agency",""
"RL","Land Use","598","Papua New Guinea","5110","Area","6630","Temporary crops","2020","2020","1000 ha","254.7858","I","Value imputed by a receiving agency",""
"RL","Land Use","598","Papua New Guinea","5110","Area","6633","Temporary meadows and pastures","2020","2020","1000 ha","36.1134","I","Value imputed by a receiving agency",""
"RL","Land Use","598","Papua New Guinea","5110","Area","6640","Temporary fallow","2020","2020","1000 ha","39.1008","I","Value imputed by a receiving agency",""
"RL","Land Use","598","Papua New Guinea","5110","Area","6650","Permanent crops","2020","2020","1000 ha","885","I","Value imputed by a receiving agency",""
"RL","Land Use","598","Papua New Guinea","5110","Area","6655","Permanent meadows and pastures","2020","2020","1000 ha","190","I","Value imputed by a receiving agency",""
"RL","Land Use","600","Paraguay","5110","Area","6602","Agriculture","2020","2020","1000 ha","20959.1654","I","Value imputed by a receiving agency",""
"RL","Land Use","600","Paraguay","5110","Area","6610","Agricultural land","2020","2020","1000 ha","20959.1654","I","Value imputed by a receiving agency",""
"RL","Land Use","600","Paraguay","5110","Area","6620","Cropland","2020","2020","1000 ha","4471.4078","I","Value imputed by a receiving agency",""
"RL","Land Use","600","Paraguay","5110","Area","6621","Arable land","2020","2020","1000 ha","4378.5298","I","Value imputed by a receiving agency",""
"RL","Land Use","600","Paraguay","5110","Area","6630","Temporary crops","2020","2020","1000 ha","3978.7983","I","Value imputed by a receiving agency",""
"RL","Land Use","600","Paraguay","5110","Area","6633","Temporary meadows and pastures","2020","2020","1000 ha","0","I","Value imputed by a receiving agency",""
"RL","Land Use","600","Paraguay","5110","Area","6640","Temporary fallow","2020","2020","1000 ha","399.7315","I","Value imputed by a receiving agency",""
"RL","Land Use","600","Paraguay","5110","Area","6650","Permanent crops","2020","2020","1000 ha","92.878","I","Value imputed by a receiving agency",""
"RL","Land Use","600","Paraguay","5110","Area","6655","Permanent meadows and pastures","2020","2020","1000 ha","16487.7576","I","Value imputed by a receiving agency",""
"RL","Land Use","600","Paraguay","5110","Area","6656","Perm. meadows & pastures - Cultivated","2020","2020","1000 ha","6393.7323","I","Value imputed by a receiving agency",""
"RL","Land Use","600","Paraguay","5110","Area","6659","Perm. meadows & pastures - Nat. growing","2020","2020","1000 ha","10094.0253","I","Value imputed by a receiving agency",""
"RL","Land Use","604","Peru","5110","Area","6602","Agriculture","2020","2020","1000 ha","24480.9895","I","Value imputed by a receiving agency",""
"RL","Land Use","604","Peru","5110","Area","6610","Agricultural land","2020","2020","1000 ha","24480.9895","I","Value imputed by a receiving agency",""
"RL","Land Use","604","Peru","5110","Area","6620","Cropland","2020","2020","1000 ha","6196.9895","I","Value imputed by a receiving agency",""
"RL","Land Use","604","Peru","5110","Area","6621","Arable land","2020","2020","1000 ha","3935.261","I","Value imputed by a receiving agency",""
"RL","Land Use","604","Peru","5110","Area","6630","Temporary crops","2020","2020","1000 ha","777.326","I","Value imputed by a receiving agency",""
"RL","Land Use","604","Peru","5110","Area","6633","Temporary meadows and pastures","2020","2020","1000 ha","131.7525","I","Value imputed by a receiving agency",""
"RL","Land Use","604","Peru","5110","Area","6640","Temporary fallow","2020","2020","1000 ha","3026.1825","I","Value imputed by a receiving agency",""
"RL","Land Use","604","Peru","5110","Area","6650","Permanent crops","2020","2020","1000 ha","2261.7285","I","Value imputed by a receiving agency",""
"RL","Land Use","604","Peru","5110","Area","6655","Permanent meadows and pastures","2020","2020","1000 ha","18284","I","Value imputed by a receiving agency",""
"RL","Land Use","604","Peru","5110","Area","6656","Perm. meadows & pastures - Cultivated","2020","2020","1000 ha","166","I","Value imputed by a receiving agency",""
"RL","Land Use","604","Peru","5110","Area","6659","Perm. meadows & pastures - Nat. growing","2020","2020","1000 ha","18118","I","Value imputed by a receiving agency",""
"RL","Land Use","608","Philippines","5110","Area","6602","Agriculture","2020","2020","1000 ha","12659","I","Value imputed by a receiving agency",""
"RL","Land Use","608","Philippines","5110","Area","6610","Agricultural land","2020","2020","1000 ha","12659","I","Value imputed by a receiving agency",""
"RL","Land Use","608","Philippines","5110","Area","6620","Cropland","2020","2020","1000 ha","11159","I","Value imputed by a receiving agency",""
"RL","Land Use","608","Philippines","5110","Area","6621","Arable land","2020","2020","1000 ha","5590","I","Value imputed by a receiving agency",""
"RL","Land Use","608","Philippines","5110","Area","6630","Temporary crops","2020","2020","1000 ha","5483.3492","I","Value imputed by a receiving agency",""
"RL","Land Use","608","Philippines","5110","Area","6633","Temporary meadows and pastures","2020","2020","1000 ha","45.7109","I","Value imputed by a receiving agency",""
"RL","Land Use","608","Philippines","5110","Area","6640","Temporary fallow","2020","2020","1000 ha","60.9399","I","Value imputed by a receiving agency",""
"RL","Land Use","608","Philippines","5110","Area","6650","Permanent crops","2020","2020","1000 ha","5569","I","Value imputed by a receiving agency",""
"RL","Land Use","608","Philippines","5110","Area","6655","Permanent meadows and pastures","2020","2020","1000 ha","1500","I","Value imputed by a receiving agency",""
"RL","Land Use","616","Poland","5110","Area","6602","Agriculture","2020","2020","1000 ha","14953","A","Official figure",""
"RL","Land Use","616","Poland","5110","Area","6610","Agricultural land","2020","2020","1000 ha","14733","A","Official figure",""
"RL","Land Use","616","Poland","5110","Area","6620","Cropland","2020","2020","1000 ha","11530","A","Official figure",""
"RL","Land Use","616","Poland","5110","Area","6621","Arable land","2020","2020","1000 ha","11150","A","Official figure",""
"RL","Land Use","616","Poland","5110","Area","6630","Temporary crops","2020","2020","1000 ha","10962","A","Official figure",""
"RL","Land Use","616","Poland","5110","Area","6633","Temporary meadows and pastures","2020","2020","1000 ha","0","I","Value imputed by a receiving agency",""
"RL","Land Use","616","Poland","5110","Area","6640","Temporary fallow","2020","2020","1000 ha","188","A","Official figure",""
"RL","Land Use","616","Poland","5110","Area","6650","Permanent crops","2020","2020","1000 ha","380","A","Official figure",""
"RL","Land Use","616","Poland","5110","Area","6655","Permanent meadows and pastures","2020","2020","1000 ha","3203","A","Official figure",""
"RL","Land Use","616","Poland","5110","Area","6656","Perm. meadows & pastures - Cultivated","2020","2020","1000 ha","2780","A","Official figure",""
"RL","Land Use","616","Poland","5110","Area","6659","Perm. meadows & pastures - Nat. growing","2020","2020","1000 ha","423","A","Official figure",""
"RL","Land Use","616","Poland","5110","Area","6649","Farm buildings and Farmyards","2020","2020","1000 ha","220","I","Value imputed by a receiving agency",""
"RL","Land Use","620","Portugal","5110","Area","6602","Agriculture","2020","2020","1000 ha","3954.2556","I","Value imputed by a receiving agency",""
"RL","Land Use","620","Portugal","5110","Area","6610","Agricultural land","2020","2020","1000 ha","3954.2556","A","Official figure",""
"RL","Land Use","620","Portugal","5110","Area","6620","Cropland","2020","2020","1000 ha","1840.9698","A","Official figure",""
"RL","Land Use","620","Portugal","5110","Area","6621","Arable land","2020","2020","1000 ha","972.9093","A","Official figure",""
"RL","Land Use","620","Portugal","5110","Area","6630","Temporary crops","2020","2020","1000 ha","644.4324","A","Official figure",""
"RL","Land Use","620","Portugal","5110","Area","6633","Temporary meadows and pastures","2020","2020","1000 ha","104.0774","A","Official figure",""
"RL","Land Use","620","Portugal","5110","Area","6640","Temporary fallow","2020","2020","1000 ha","224.3994","A","Official figure",""
"RL","Land Use","620","Portugal","5110","Area","6650","Permanent crops","2020","2020","1000 ha","868.0605","A","Official figure",""
"RL","Land Use","620","Portugal","5110","Area","6655","Permanent meadows and pastures","2020","2020","1000 ha","2113.2858","A","Official figure",""
"RL","Land Use","620","Portugal","5110","Area","6656","Perm. meadows & pastures - Cultivated","2020","2020","1000 ha","578.0119","I","Value imputed by a receiving agency",""
"RL","Land Use","620","Portugal","5110","Area","6659","Perm. meadows & pastures - Nat. growing","2020","2020","1000 ha","1535.2739","I","Value imputed by a receiving agency",""
"RL","Land Use","630","Puerto Rico","5110","Area","6602","Agriculture","2020","2020","1000 ha","168.9","I","Value imputed by a receiving agency",""
"RL","Land Use","630","Puerto Rico","5110","Area","6610","Agricultural land","2020","2020","1000 ha","168.9","I","Value imputed by a receiving agency",""
"RL","Land Use","630","Puerto Rico","5110","Area","6620","Cropland","2020","2020","1000 ha","66.2","I","Value imputed by a receiving agency",""
"RL","Land Use","630","Puerto Rico","5110","Area","6621","Arable land","2020","2020","1000 ha","50.2","I","Value imputed by a receiving agency",""
"RL","Land Use","630","Puerto Rico","5110","Area","6630","Temporary crops","2020","2020","1000 ha","7.4204","I","Value imputed by a receiving agency",""
"RL","Land Use","630","Puerto Rico","5110","Area","6633","Temporary meadows and pastures","2020","2020","1000 ha","15.6796","I","Value imputed by a receiving agency",""
"RL","Land Use","630","Puerto Rico","5110","Area","6640","Temporary fallow","2020","2020","1000 ha","27.1","I","Value imputed by a receiving agency",""
"RL","Land Use","630","Puerto Rico","5110","Area","6650","Permanent crops","2020","2020","1000 ha","16","I","Value imputed by a receiving agency",""
"RL","Land Use","630","Puerto Rico","5110","Area","6655","Permanent meadows and pastures","2020","2020","1000 ha","102.7","I","Value imputed by a receiving agency",""
"RL","Land Use","630","Puerto Rico","5110","Area","6656","Perm. meadows & pastures - Cultivated","2020","2020","1000 ha","82.9","I","Value imputed by a receiving agency",""
"RL","Land Use","630","Puerto Rico","5110","Area","6659","Perm. meadows & pastures - Nat. growing","2020","2020","1000 ha","19.8","I","Value imputed by a receiving agency",""
"RL","Land Use","634","Qatar","5110","Area","6602","Agriculture","2020","2020","1000 ha","74","I","Value imputed by a receiving agency",""
"RL","Land Use","634","Qatar","5110","Area","6610","Agricultural land","2020","2020","1000 ha","74","I","Value imputed by a receiving agency",""
"RL","Land Use","634","Qatar","5110","Area","6620","Cropland","2020","2020","1000 ha","24","A","Official figure",""
"RL","Land Use","634","Qatar","5110","Area","6621","Arable land","2020","2020","1000 ha","21","I","Value imputed by a receiving agency",""
"RL","Land Use","634","Qatar","5110","Area","6630","Temporary crops","2020","2020","1000 ha","8","I","Value imputed by a receiving agency",""
"RL","Land Use","634","Qatar","5110","Area","6633","Temporary meadows and pastures","2020","2020","1000 ha","0","I","Value imputed by a receiving agency",""
"RL","Land Use","634","Qatar","5110","Area","6640","Temporary fallow","2020","2020","1000 ha","13","I","Value imputed by a receiving agency",""
"RL","Land Use","634","Qatar","5110","Area","6650","Permanent crops","2020","2020","1000 ha","3","A","Official figure",""
"RL","Land Use","634","Qatar","5110","Area","6655","Permanent meadows and pastures","2020","2020","1000 ha","50","I","Value imputed by a receiving agency",""
"RL","Land Use","410","Republic of Korea","5110","Area","6602","Agriculture","2020","2020","1000 ha","1621","I","Value imputed by a receiving agency",""
"RL","Land Use","410","Republic of Korea","5110","Area","6610","Agricultural land","2020","2020","1000 ha","1621","I","Value imputed by a receiving agency",""
"RL","Land Use","410","Republic of Korea","5110","Area","6620","Cropland","2020","2020","1000 ha","1565","A","Official figure",""
"RL","Land Use","410","Republic of Korea","5110","Area","6621","Arable land","2020","2020","1000 ha","1352","A","Official figure",""
"RL","Land Use","410","Republic of Korea","5110","Area","6630","Temporary crops","2020","2020","1000 ha","1189.3","I","Value imputed by a receiving agency",""
"RL","Land Use","410","Republic of Korea","5110","Area","6633","Temporary meadows and pastures","2020","2020","1000 ha","99.7","I","Value imputed by a receiving agency",""
"RL","Land Use","410","Republic of Korea","5110","Area","6640","Temporary fallow","2020","2020","1000 ha","63","A","Official figure",""
"RL","Land Use","410","Republic of Korea","5110","Area","6650","Permanent crops","2020","2020","1000 ha","213","A","Official figure",""
"RL","Land Use","410","Republic of Korea","5110","Area","6655","Permanent meadows and pastures","2020","2020","1000 ha","56","A","Official figure",""
"RL","Land Use","498","Republic of Moldova","5110","Area","6602","Agriculture","2020","2020","1000 ha","2492","A","Official figure",""
"RL","Land Use","498","Republic of Moldova","5110","Area","6610","Agricultural land","2020","2020","1000 ha","2471.1","A","Official figure",""
"RL","Land Use","498","Republic of Moldova","5110","Area","6620","Cropland","2020","2020","1000 ha","2130","A","Official figure",""
"RL","Land Use","498","Republic of Moldova","5110","Area","6621","Arable land","2020","2020","1000 ha","1852","A","Official figure",""
"RL","Land Use","498","Republic of Moldova","5110","Area","6630","Temporary crops","2020","2020","1000 ha","1779.1","I","Value imputed by a receiving agency",""
"RL","Land Use","498","Republic of Moldova","5110","Area","6633","Temporary meadows and pastures","2020","2020","1000 ha","48.9","A","Official figure",""
"RL","Land Use","498","Republic of Moldova","5110","Area","6640","Temporary fallow","2020","2020","1000 ha","24","A","Official figure",""
"RL","Land Use","498","Republic of Moldova","5110","Area","6650","Permanent crops","2020","2020","1000 ha","278","A","Official figure",""
"RL","Land Use","498","Republic of Moldova","5110","Area","6655","Permanent meadows and pastures","2020","2020","1000 ha","338","A","Official figure",""
"RL","Land Use","498","Republic of Moldova","5110","Area","6656","Perm. meadows & pastures - Cultivated","2020","2020","1000 ha","2","A","Official figure",""
"RL","Land Use","498","Republic of Moldova","5110","Area","6659","Perm. meadows & pastures - Nat. growing","2020","2020","1000 ha","336","A","Official figure",""
"RL","Land Use","498","Republic of Moldova","5110","Area","6649","Farm buildings and Farmyards","2020","2020","1000 ha","20.9","A","Official figure",""
"RL","Land Use","638","Réunion","5110","Area","6602","Agriculture","2020","2020","1000 ha","42.726","B","Time series break",""
"RL","Land Use","638","Réunion","5110","Area","6610","Agricultural land","2020","2020","1000 ha","42.726","B","Time series break",""
"RL","Land Use","638","Réunion","5110","Area","6620","Cropland","2020","2020","1000 ha","29.647","B","Time series break",""
"RL","Land Use","638","Réunion","5110","Area","6621","Arable land","2020","2020","1000 ha","26.575","B","Time series break",""
"RL","Land Use","638","Réunion","5110","Area","6630","Temporary crops","2020","2020","1000 ha","25.583","B","Time series break",""
"RL","Land Use","638","Réunion","5110","Area","6633","Temporary meadows and pastures","2020","2020","1000 ha","0.344","B","Time series break",""
"RL","Land Use","638","Réunion","5110","Area","6640","Temporary fallow","2020","2020","1000 ha","0.648","B","Time series break",""
"RL","Land Use","638","Réunion","5110","Area","6650","Permanent crops","2020","2020","1000 ha","3.072","B","Time series break",""
"RL","Land Use","638","Réunion","5110","Area","6655","Permanent meadows and pastures","2020","2020","1000 ha","13.079","B","Time series break",""
"RL","Land Use","638","Réunion","5110","Area","6656","Perm. meadows & pastures - Cultivated","2020","2020","1000 ha","11.935","B","Time series break",""
"RL","Land Use","638","Réunion","5110","Area","6659","Perm. meadows & pastures - Nat. growing","2020","2020","1000 ha","1.144","B","Time series break",""
"RL","Land Use","642","Romania","5110","Area","6602","Agriculture","2020","2020","1000 ha","13049","I","Value imputed by a receiving agency",""
"RL","Land Use","642","Romania","5110","Area","6610","Agricultural land","2020","2020","1000 ha","13049","A","Official figure",""
"RL","Land Use","642","Romania","5110","Area","6620","Cropland","2020","2020","1000 ha","8886","A","Official figure",""
"RL","Land Use","642","Romania","5110","Area","6621","Arable land","2020","2020","1000 ha","8483","A","Official figure",""
"RL","Land Use","642","Romania","5110","Area","6630","Temporary crops","2020","2020","1000 ha","7377","A","Official figure",""
"RL","Land Use","642","Romania","5110","Area","6633","Temporary meadows and pastures","2020","2020","1000 ha","887","A","Official figure",""
"RL","Land Use","642","Romania","5110","Area","6640","Temporary fallow","2020","2020","1000 ha","219","A","Official figure",""
"RL","Land Use","642","Romania","5110","Area","6650","Permanent crops","2020","2020","1000 ha","403","A","Official figure",""
"RL","Land Use","642","Romania","5110","Area","6655","Permanent meadows and pastures","2020","2020","1000 ha","4163","A","Official figure",""
"RL","Land Use","643","Russian Federation","5110","Area","6602","Agriculture","2020","2020","1000 ha","215494","I","Value imputed by a receiving agency",""
"RL","Land Use","643","Russian Federation","5110","Area","6610","Agricultural land","2020","2020","1000 ha","215494","I","Value imputed by a receiving agency",""
"RL","Land Use","643","Russian Federation","5110","Area","6620","Cropland","2020","2020","1000 ha","123442","I","Value imputed by a receiving agency",""
"RL","Land Use","643","Russian Federation","5110","Area","6621","Arable land","2020","2020","1000 ha","121649","I","Value imputed by a receiving agency",""
"RL","Land Use","643","Russian Federation","5110","Area","6630","Temporary crops","2020","2020","1000 ha","70021","A","Official figure",""
"RL","Land Use","643","Russian Federation","5110","Area","6633","Temporary meadows and pastures","2020","2020","1000 ha","44453","I","Value imputed by a receiving agency",""
"RL","Land Use","643","Russian Federation","5110","Area","6640","Temporary fallow","2020","2020","1000 ha","7175","A","Official figure",""
"RL","Land Use","643","Russian Federation","5110","Area","6650","Permanent crops","2020","2020","1000 ha","1923","A","Official figure",""
"RL","Land Use","643","Russian Federation","5110","Area","6655","Permanent meadows and pastures","2020","2020","1000 ha","92052","I","Value imputed by a receiving agency",""
"RL","Land Use","646","Rwanda","5110","Area","6602","Agriculture","2020","2020","1000 ha","1958.6","I","Value imputed by a receiving agency",""
"RL","Land Use","646","Rwanda","5110","Area","6610","Agricultural land","2020","2020","1000 ha","1958.6","I","Value imputed by a receiving agency",""
"RL","Land Use","646","Rwanda","5110","Area","6620","Cropland","2020","2020","1000 ha","1560.6","I","Value imputed by a receiving agency",""
"RL","Land Use","646","Rwanda","5110","Area","6621","Arable land","2020","2020","1000 ha","1214.6","I","Value imputed by a receiving agency",""
"RL","Land Use","646","Rwanda","5110","Area","6630","Temporary crops","2020","2020","1000 ha","1075","I","Value imputed by a receiving agency",""
"RL","Land Use","646","Rwanda","5110","Area","6633","Temporary meadows and pastures","2020","2020","1000 ha","10.6","I","Value imputed by a receiving agency",""
"RL","Land Use","646","Rwanda","5110","Area","6640","Temporary fallow","2020","2020","1000 ha","129","I","Value imputed by a receiving agency",""
"RL","Land Use","646","Rwanda","5110","Area","6650","Permanent crops","2020","2020","1000 ha","346","I","Value imputed by a receiving agency",""
"RL","Land Use","646","Rwanda","5110","Area","6655","Permanent meadows and pastures","2020","2020","1000 ha","398","I","Value imputed by a receiving agency",""
"RL","Land Use","659","Saint Kitts and Nevis","5110","Area","6602","Agriculture","2020","2020","1000 ha","6","I","Value imputed by a receiving agency",""
"RL","Land Use","659","Saint Kitts and Nevis","5110","Area","6610","Agricultural land","2020","2020","1000 ha","6","I","Value imputed by a receiving agency",""
"RL","Land Use","659","Saint Kitts and Nevis","5110","Area","6620","Cropland","2020","2020","1000 ha","5.1","I","Value imputed by a receiving agency",""
"RL","Land Use","659","Saint Kitts and Nevis","5110","Area","6621","Arable land","2020","2020","1000 ha","5","I","Value imputed by a receiving agency",""
"RL","Land Use","659","Saint Kitts and Nevis","5110","Area","6630","Temporary crops","2020","2020","1000 ha","5","I","Value imputed by a receiving agency",""
"RL","Land Use","659","Saint Kitts and Nevis","5110","Area","6633","Temporary meadows and pastures","2020","2020","1000 ha","0","I","Value imputed by a receiving agency",""
"RL","Land Use","659","Saint Kitts and Nevis","5110","Area","6640","Temporary fallow","2020","2020","1000 ha","0","I","Value imputed by a receiving agency",""
"RL","Land Use","659","Saint Kitts and Nevis","5110","Area","6650","Permanent crops","2020","2020","1000 ha","0.1","I","Value imputed by a receiving agency",""
"RL","Land Use","659","Saint Kitts and Nevis","5110","Area","6655","Permanent meadows and pastures","2020","2020","1000 ha","0.9","I","Value imputed by a receiving agency",""
"RL","Land Use","662","Saint Lucia","5110","Area","6602","Agriculture","2020","2020","1000 ha","9.94","I","Value imputed by a receiving agency",""
"RL","Land Use","662","Saint Lucia","5110","Area","6610","Agricultural land","2020","2020","1000 ha","9.94","I","Value imputed by a receiving agency",""
"RL","Land Use","662","Saint Lucia","5110","Area","6620","Cropland","2020","2020","1000 ha","9.57","I","Value imputed by a receiving agency",""
"RL","Land Use","662","Saint Lucia","5110","Area","6621","Arable land","2020","2020","1000 ha","2.67","I","Value imputed by a receiving agency",""
"RL","Land Use","662","Saint Lucia","5110","Area","6630","Temporary crops","2020","2020","1000 ha","1.3268","I","Value imputed by a receiving agency",""
"RL","Land Use","662","Saint Lucia","5110","Area","6633","Temporary meadows and pastures","2020","2020","1000 ha","0.2574","I","Value imputed by a receiving agency",""
"RL","Land Use","662","Saint Lucia","5110","Area","6640","Temporary fallow","2020","2020","1000 ha","1.0858","I","Value imputed by a receiving agency",""
"RL","Land Use","662","Saint Lucia","5110","Area","6650","Permanent crops","2020","2020","1000 ha","6.9","I","Value imputed by a receiving agency",""
"RL","Land Use","662","Saint Lucia","5110","Area","6655","Permanent meadows and pastures","2020","2020","1000 ha","0.37","I","Value imputed by a receiving agency",""
"RL","Land Use","666","Saint Pierre and Miquelon","5110","Area","6602","Agriculture","2020","2020","1000 ha","2","I","Value imputed by a receiving agency",""
"RL","Land Use","666","Saint Pierre and Miquelon","5110","Area","6610","Agricultural land","2020","2020","1000 ha","2","I","Value imputed by a receiving agency",""
"RL","Land Use","666","Saint Pierre and Miquelon","5110","Area","6620","Cropland","2020","2020","1000 ha","2","I","Value imputed by a receiving agency",""
"RL","Land Use","666","Saint Pierre and Miquelon","5110","Area","6621","Arable land","2020","2020","1000 ha","2","I","Value imputed by a receiving agency",""
"RL","Land Use","666","Saint Pierre and Miquelon","5110","Area","6630","Temporary crops","2020","2020","1000 ha","1.5442","I","Value imputed by a receiving agency",""
"RL","Land Use","666","Saint Pierre and Miquelon","5110","Area","6633","Temporary meadows and pastures","2020","2020","1000 ha","0.2189","I","Value imputed by a receiving agency",""
"RL","Land Use","666","Saint Pierre and Miquelon","5110","Area","6640","Temporary fallow","2020","2020","1000 ha","0.237","I","Value imputed by a receiving agency",""
"RL","Land Use","670","Saint Vincent and the Grenadines","5110","Area","6602","Agriculture","2020","2020","1000 ha","7","I","Value imputed by a receiving agency",""
"RL","Land Use","670","Saint Vincent and the Grenadines","5110","Area","6610","Agricultural land","2020","2020","1000 ha","7","I","Value imputed by a receiving agency",""
"RL","Land Use","670","Saint Vincent and the Grenadines","5110","Area","6620","Cropland","2020","2020","1000 ha","5","I","Value imputed by a receiving agency",""
"RL","Land Use","670","Saint Vincent and the Grenadines","5110","Area","6621","Arable land","2020","2020","1000 ha","2","I","Value imputed by a receiving agency",""
"RL","Land Use","670","Saint Vincent and the Grenadines","5110","Area","6630","Temporary crops","2020","2020","1000 ha","1.5442","I","Value imputed by a receiving agency",""
"RL","Land Use","670","Saint Vincent and the Grenadines","5110","Area","6633","Temporary meadows and pastures","2020","2020","1000 ha","0.2189","I","Value imputed by a receiving agency",""
"RL","Land Use","670","Saint Vincent and the Grenadines","5110","Area","6640","Temporary fallow","2020","2020","1000 ha","0.237","I","Value imputed by a receiving agency",""
"RL","Land Use","670","Saint Vincent and the Grenadines","5110","Area","6650","Permanent crops","2020","2020","1000 ha","3","I","Value imputed by a receiving agency",""
"RL","Land Use","670","Saint Vincent and the Grenadines","5110","Area","6655","Permanent meadows and pastures","2020","2020","1000 ha","2","I","Value imputed by a receiving agency",""
"RL","Land Use","882","Samoa","5110","Area","6602","Agriculture","2020","2020","1000 ha","49.41","I","Value imputed by a receiving agency",""
"RL","Land Use","882","Samoa","5110","Area","6610","Agricultural land","2020","2020","1000 ha","49.41","I","Value imputed by a receiving agency",""
"RL","Land Use","882","Samoa","5110","Area","6620","Cropland","2020","2020","1000 ha","43","A","Official figure",""
"RL","Land Use","882","Samoa","5110","Area","6621","Arable land","2020","2020","1000 ha","11.29","I","Value imputed by a receiving agency",""
"RL","Land Use","882","Samoa","5110","Area","6630","Temporary crops","2020","2020","1000 ha","11","A","Official figure",""
"RL","Land Use","882","Samoa","5110","Area","6633","Temporary meadows and pastures","2020","2020","1000 ha","0","I","Value imputed by a receiving agency",""
"RL","Land Use","882","Samoa","5110","Area","6640","Temporary fallow","2020","2020","1000 ha","0.29","A","Official figure",""
"RL","Land Use","882","Samoa","5110","Area","6650","Permanent crops","2020","2020","1000 ha","31.71","I","Value imputed by a receiving agency",""
"RL","Land Use","882","Samoa","5110","Area","6655","Permanent meadows and pastures","2020","2020","1000 ha","6.41","I","Value imputed by a receiving agency",""
"RL","Land Use","674","San Marino","5110","Area","6602","Agriculture","2020","2020","1000 ha","2.3","I","Value imputed by a receiving agency",""
"RL","Land Use","674","San Marino","5110","Area","6610","Agricultural land","2020","2020","1000 ha","2.3","I","Value imputed by a receiving agency",""
"RL","Land Use","674","San Marino","5110","Area","6620","Cropland","2020","2020","1000 ha","2.3","I","Value imputed by a receiving agency",""
"RL","Land Use","674","San Marino","5110","Area","6621","Arable land","2020","2020","1000 ha","1.985","I","Value imputed by a receiving agency",""
"RL","Land Use","674","San Marino","5110","Area","6630","Temporary crops","2020","2020","1000 ha","1.5326","I","Value imputed by a receiving agency",""
"RL","Land Use","674","San Marino","5110","Area","6633","Temporary meadows and pastures","2020","2020","1000 ha","0.2172","I","Value imputed by a receiving agency",""
"RL","Land Use","674","San Marino","5110","Area","6640","Temporary fallow","2020","2020","1000 ha","0.2352","I","Value imputed by a receiving agency",""
"RL","Land Use","674","San Marino","5110","Area","6650","Permanent crops","2020","2020","1000 ha","0.315","I","Value imputed by a receiving agency",""
"RL","Land Use","678","Sao Tome and Principe","5110","Area","6602","Agriculture","2020","2020","1000 ha","42","I","Value imputed by a receiving agency",""
"RL","Land Use","678","Sao Tome and Principe","5110","Area","6610","Agricultural land","2020","2020","1000 ha","42","I","Value imputed by a receiving agency",""
"RL","Land Use","678","Sao Tome and Principe","5110","Area","6620","Cropland","2020","2020","1000 ha","41","I","Value imputed by a receiving agency",""
"RL","Land Use","678","Sao Tome and Principe","5110","Area","6621","Arable land","2020","2020","1000 ha","4","I","Value imputed by a receiving agency",""
"RL","Land Use","678","Sao Tome and Principe","5110","Area","6630","Temporary crops","2020","2020","1000 ha","3.0883","I","Value imputed by a receiving agency",""
"RL","Land Use","678","Sao Tome and Principe","5110","Area","6633","Temporary meadows and pastures","2020","2020","1000 ha","0.4377","I","Value imputed by a receiving agency",""
"RL","Land Use","678","Sao Tome and Principe","5110","Area","6640","Temporary fallow","2020","2020","1000 ha","0.4739","I","Value imputed by a receiving agency",""
"RL","Land Use","678","Sao Tome and Principe","5110","Area","6650","Permanent crops","2020","2020","1000 ha","37","I","Value imputed by a receiving agency",""
"RL","Land Use","678","Sao Tome and Principe","5110","Area","6655","Permanent meadows and pastures","2020","2020","1000 ha","1","I","Value imputed by a receiving agency",""
"RL","Land Use","682","Saudi Arabia","5110","Area","6602","Agriculture","2020","2020","1000 ha","173637.787","I","Value imputed by a receiving agency",""
"RL","Land Use","682","Saudi Arabia","5110","Area","6610","Agricultural land","2020","2020","1000 ha","173637.787","I","Value imputed by a receiving agency",""
"RL","Land Use","682","Saudi Arabia","5110","Area","6620","Cropland","2020","2020","1000 ha","3637.787","I","Value imputed by a receiving agency",""
"RL","Land Use","682","Saudi Arabia","5110","Area","6621","Arable land","2020","2020","1000 ha","3430.417","A","Official figure",""
"RL","Land Use","682","Saudi Arabia","5110","Area","6630","Temporary crops","2020","2020","1000 ha","619.66","A","Official figure",""
"RL","Land Use","682","Saudi Arabia","5110","Area","6633","Temporary meadows and pastures","2020","2020","1000 ha","125.3122","I","Value imputed by a receiving agency",""
"RL","Land Use","682","Saudi Arabia","5110","Area","6640","Temporary fallow","2020","2020","1000 ha","2685.4448","I","Value imputed by a receiving agency",""
"RL","Land Use","682","Saudi Arabia","5110","Area","6650","Permanent crops","2020","2020","1000 ha","207.37","A","Official figure",""
"RL","Land Use","682","Saudi Arabia","5110","Area","6655","Permanent meadows and pastures","2020","2020","1000 ha","170000","I","Value imputed by a receiving agency",""
"RL","Land Use","682","Saudi Arabia","5110","Area","6656","Perm. meadows & pastures - Cultivated","2020","2020","1000 ha","82.6438","I","Value imputed by a receiving agency",""
"RL","Land Use","686","Senegal","5110","Area","6602","Agriculture","2020","2020","1000 ha","9430","I","Value imputed by a receiving agency",""
"RL","Land Use","686","Senegal","5110","Area","6610","Agricultural land","2020","2020","1000 ha","9430","I","Value imputed by a receiving agency",""
"RL","Land Use","686","Senegal","5110","Area","6620","Cropland","2020","2020","1000 ha","3830","I","Value imputed by a receiving agency",""
"RL","Land Use","686","Senegal","5110","Area","6621","Arable land","2020","2020","1000 ha","3750","I","Value imputed by a receiving agency",""
"RL","Land Use","686","Senegal","5110","Area","6630","Temporary crops","2020","2020","1000 ha","3220","I","Value imputed by a receiving agency",""
"RL","Land Use","686","Senegal","5110","Area","6633","Temporary meadows and pastures","2020","2020","1000 ha","0","I","Value imputed by a receiving agency",""
"RL","Land Use","686","Senegal","5110","Area","6640","Temporary fallow","2020","2020","1000 ha","530","I","Value imputed by a receiving agency",""
"RL","Land Use","686","Senegal","5110","Area","6650","Permanent crops","2020","2020","1000 ha","80","I","Value imputed by a receiving agency",""
"RL","Land Use","686","Senegal","5110","Area","6655","Permanent meadows and pastures","2020","2020","1000 ha","5600","I","Value imputed by a receiving agency",""
"RL","Land Use","688","Serbia","5110","Area","6602","Agriculture","2020","2020","1000 ha","3482","I","Value imputed by a receiving agency",""
"RL","Land Use","688","Serbia","5110","Area","6610","Agricultural land","2020","2020","1000 ha","3482","A","Official figure",""
"RL","Land Use","688","Serbia","5110","Area","6620","Cropland","2020","2020","1000 ha","2811","A","Official figure",""
"RL","Land Use","688","Serbia","5110","Area","6621","Arable land","2020","2020","1000 ha","2604","A","Official figure",""
"RL","Land Use","688","Serbia","5110","Area","6630","Temporary crops","2020","2020","1000 ha","2596","A","Official figure",""
"RL","Land Use","688","Serbia","5110","Area","6633","Temporary meadows and pastures","2020","2020","1000 ha","0","A","Official figure",""
"RL","Land Use","688","Serbia","5110","Area","6640","Temporary fallow","2020","2020","1000 ha","9","A","Official figure",""
"RL","Land Use","688","Serbia","5110","Area","6650","Permanent crops","2020","2020","1000 ha","207","A","Official figure",""
"RL","Land Use","688","Serbia","5110","Area","6655","Permanent meadows and pastures","2020","2020","1000 ha","671","A","Official figure",""
"RL","Land Use","690","Seychelles","5110","Area","6602","Agriculture","2020","2020","1000 ha","1.55","I","Value imputed by a receiving agency",""
"RL","Land Use","690","Seychelles","5110","Area","6610","Agricultural land","2020","2020","1000 ha","1.55","I","Value imputed by a receiving agency",""
"RL","Land Use","690","Seychelles","5110","Area","6620","Cropland","2020","2020","1000 ha","1.55","I","Value imputed by a receiving agency",""
"RL","Land Use","690","Seychelles","5110","Area","6621","Arable land","2020","2020","1000 ha","0.15","I","Value imputed by a receiving agency",""
"RL","Land Use","690","Seychelles","5110","Area","6630","Temporary crops","2020","2020","1000 ha","0.1485","I","Value imputed by a receiving agency",""
"RL","Land Use","690","Seychelles","5110","Area","6633","Temporary meadows and pastures","2020","2020","1000 ha","0","I","Value imputed by a receiving agency",""
"RL","Land Use","690","Seychelles","5110","Area","6640","Temporary fallow","2020","2020","1000 ha","0.0015","I","Value imputed by a receiving agency",""
"RL","Land Use","690","Seychelles","5110","Area","6650","Permanent crops","2020","2020","1000 ha","1.4","I","Value imputed by a receiving agency",""
"RL","Land Use","694","Sierra Leone","5110","Area","6602","Agriculture","2020","2020","1000 ha","3949","I","Value imputed by a receiving agency",""
"RL","Land Use","694","Sierra Leone","5110","Area","6610","Agricultural land","2020","2020","1000 ha","3949","I","Value imputed by a receiving agency",""
"RL","Land Use","694","Sierra Leone","5110","Area","6620","Cropland","2020","2020","1000 ha","1749","I","Value imputed by a receiving agency",""
"RL","Land Use","694","Sierra Leone","5110","Area","6621","Arable land","2020","2020","1000 ha","1584","I","Value imputed by a receiving agency",""
"RL","Land Use","694","Sierra Leone","5110","Area","6630","Temporary crops","2020","2020","1000 ha","1206.417","A","Official figure",""
"RL","Land Use","694","Sierra Leone","5110","Area","6633","Temporary meadows and pastures","2020","2020","1000 ha","173.3408","I","Value imputed by a receiving agency",""
"RL","Land Use","694","Sierra Leone","5110","Area","6640","Temporary fallow","2020","2020","1000 ha","204.2422","I","Value imputed by a receiving agency",""
"RL","Land Use","694","Sierra Leone","5110","Area","6650","Permanent crops","2020","2020","1000 ha","165","I","Value imputed by a receiving agency",""
"RL","Land Use","694","Sierra Leone","5110","Area","6655","Permanent meadows and pastures","2020","2020","1000 ha","2200","I","Value imputed by a receiving agency",""
"RL","Land Use","702","Singapore","5110","Area","6602","Agriculture","2020","2020","1000 ha","0.66","I","Value imputed by a receiving agency",""
"RL","Land Use","702","Singapore","5110","Area","6610","Agricultural land","2020","2020","1000 ha","0.66","I","Value imputed by a receiving agency",""
"RL","Land Use","702","Singapore","5110","Area","6620","Cropland","2020","2020","1000 ha","0.66","I","Value imputed by a receiving agency",""
"RL","Land Use","702","Singapore","5110","Area","6621","Arable land","2020","2020","1000 ha","0.56","I","Value imputed by a receiving agency",""
"RL","Land Use","702","Singapore","5110","Area","6630","Temporary crops","2020","2020","1000 ha","0.4324","I","Value imputed by a receiving agency",""
"RL","Land Use","702","Singapore","5110","Area","6633","Temporary meadows and pastures","2020","2020","1000 ha","0.0613","I","Value imputed by a receiving agency",""
"RL","Land Use","702","Singapore","5110","Area","6640","Temporary fallow","2020","2020","1000 ha","0.0664","I","Value imputed by a receiving agency",""
"RL","Land Use","702","Singapore","5110","Area","6650","Permanent crops","2020","2020","1000 ha","0.1","I","Value imputed by a receiving agency",""
"RL","Land Use","703","Slovakia","5110","Area","6602","Agriculture","2020","2020","1000 ha","1936","A","Official figure",""
"RL","Land Use","703","Slovakia","5110","Area","6610","Agricultural land","2020","2020","1000 ha","1883","A","Official figure",""
"RL","Land Use","703","Slovakia","5110","Area","6620","Cropland","2020","2020","1000 ha","1364","A","Official figure",""
"RL","Land Use","703","Slovakia","5110","Area","6621","Arable land","2020","2020","1000 ha","1346","A","Official figure",""
"RL","Land Use","703","Slovakia","5110","Area","6630","Temporary crops","2020","2020","1000 ha","1248","A","Official figure",""
"RL","Land Use","703","Slovakia","5110","Area","6633","Temporary meadows and pastures","2020","2020","1000 ha","54","A","Official figure",""
"RL","Land Use","703","Slovakia","5110","Area","6640","Temporary fallow","2020","2020","1000 ha","44","A","Official figure",""
"RL","Land Use","703","Slovakia","5110","Area","6650","Permanent crops","2020","2020","1000 ha","18","A","Official figure",""
"RL","Land Use","703","Slovakia","5110","Area","6655","Permanent meadows and pastures","2020","2020","1000 ha","519","A","Official figure",""
"RL","Land Use","703","Slovakia","5110","Area","6656","Perm. meadows & pastures - Cultivated","2020","2020","1000 ha","519","A","Official figure",""
"RL","Land Use","705","Slovenia","5110","Area","6602","Agriculture","2020","2020","1000 ha","614.7","A","Official figure",""
"RL","Land Use","705","Slovenia","5110","Area","6610","Agricultural land","2020","2020","1000 ha","610.49","A","Official figure",""
"RL","Land Use","705","Slovenia","5110","Area","6620","Cropland","2020","2020","1000 ha","233.95","A","Official figure",""
"RL","Land Use","705","Slovenia","5110","Area","6621","Arable land","2020","2020","1000 ha","179.1","A","Official figure",""
"RL","Land Use","705","Slovenia","5110","Area","6630","Temporary crops","2020","2020","1000 ha","156.2","I","Value imputed by a receiving agency",""
"RL","Land Use","705","Slovenia","5110","Area","6633","Temporary meadows and pastures","2020","2020","1000 ha","22.8","I","Value imputed by a receiving agency",""
"RL","Land Use","705","Slovenia","5110","Area","6640","Temporary fallow","2020","2020","1000 ha","2.03","I","Value imputed by a receiving agency",""
"RL","Land Use","705","Slovenia","5110","Area","6650","Permanent crops","2020","2020","1000 ha","54.85","A","Official figure",""
"RL","Land Use","705","Slovenia","5110","Area","6655","Permanent meadows and pastures","2020","2020","1000 ha","376.54","A","Official figure",""
"RL","Land Use","705","Slovenia","5110","Area","6649","Farm buildings and Farmyards","2020","2020","1000 ha","4.21","A","Official figure",""
"RL","Land Use","090","Solomon Islands","5110","Area","6602","Agriculture","2020","2020","1000 ha","104.6","I","Value imputed by a receiving agency",""
"RL","Land Use","090","Solomon Islands","5110","Area","6610","Agricultural land","2020","2020","1000 ha","104.6","I","Value imputed by a receiving agency",""
"RL","Land Use","090","Solomon Islands","5110","Area","6620","Cropland","2020","2020","1000 ha","96.6","I","Value imputed by a receiving agency",""
"RL","Land Use","090","Solomon Islands","5110","Area","6621","Arable land","2020","2020","1000 ha","23","I","Value imputed by a receiving agency",""
"RL","Land Use","090","Solomon Islands","5110","Area","6630","Temporary crops","2020","2020","1000 ha","17.7578","I","Value imputed by a receiving agency",""
"RL","Land Use","090","Solomon Islands","5110","Area","6633","Temporary meadows and pastures","2020","2020","1000 ha","2.517","I","Value imputed by a receiving agency",""
"RL","Land Use","090","Solomon Islands","5110","Area","6640","Temporary fallow","2020","2020","1000 ha","2.7252","I","Value imputed by a receiving agency",""
"RL","Land Use","090","Solomon Islands","5110","Area","6650","Permanent crops","2020","2020","1000 ha","73.6","I","Value imputed by a receiving agency",""
"RL","Land Use","090","Solomon Islands","5110","Area","6655","Permanent meadows and pastures","2020","2020","1000 ha","8","I","Value imputed by a receiving agency",""
"RL","Land Use","706","Somalia","5110","Area","6602","Agriculture","2020","2020","1000 ha","44128.1","I","Value imputed by a receiving agency",""
"RL","Land Use","706","Somalia","5110","Area","6610","Agricultural land","2020","2020","1000 ha","44128.1","I","Value imputed by a receiving agency",""
"RL","Land Use","706","Somalia","5110","Area","6620","Cropland","2020","2020","1000 ha","1128.1","I","Value imputed by a receiving agency",""
"RL","Land Use","706","Somalia","5110","Area","6621","Arable land","2020","2020","1000 ha","1100","I","Value imputed by a receiving agency",""
"RL","Land Use","706","Somalia","5110","Area","6630","Temporary crops","2020","2020","1000 ha","849.2861","I","Value imputed by a receiving agency",""
"RL","Land Use","706","Somalia","5110","Area","6633","Temporary meadows and pastures","2020","2020","1000 ha","120.378","I","Value imputed by a receiving agency",""
"RL","Land Use","706","Somalia","5110","Area","6640","Temporary fallow","2020","2020","1000 ha","130.3359","I","Value imputed by a receiving agency",""
"RL","Land Use","706","Somalia","5110","Area","6650","Permanent crops","2020","2020","1000 ha","28.1","I","Value imputed by a receiving agency",""
"RL","Land Use","706","Somalia","5110","Area","6655","Permanent meadows and pastures","2020","2020","1000 ha","43000","I","Value imputed by a receiving agency",""
"RL","Land Use","710","South Africa","5110","Area","6602","Agriculture","2020","2020","1000 ha","96341","I","Value imputed by a receiving agency",""
"RL","Land Use","710","South Africa","5110","Area","6610","Agricultural land","2020","2020","1000 ha","96341","I","Value imputed by a receiving agency",""
"RL","Land Use","710","South Africa","5110","Area","6620","Cropland","2020","2020","1000 ha","12413","I","Value imputed by a receiving agency",""
"RL","Land Use","710","South Africa","5110","Area","6621","Arable land","2020","2020","1000 ha","12000","I","Value imputed by a receiving agency",""
"RL","Land Use","710","South Africa","5110","Area","6630","Temporary crops","2020","2020","1000 ha","11955","I","Value imputed by a receiving agency",""
"RL","Land Use","710","South Africa","5110","Area","6633","Temporary meadows and pastures","2020","2020","1000 ha","18.9215","I","Value imputed by a receiving agency",""
"RL","Land Use","710","South Africa","5110","Area","6640","Temporary fallow","2020","2020","1000 ha","26.0785","I","Value imputed by a receiving agency",""
"RL","Land Use","710","South Africa","5110","Area","6650","Permanent crops","2020","2020","1000 ha","413","I","Value imputed by a receiving agency",""
"RL","Land Use","710","South Africa","5110","Area","6655","Permanent meadows and pastures","2020","2020","1000 ha","83928","I","Value imputed by a receiving agency",""
"RL","Land Use","728","South Sudan","5110","Area","6602","Agriculture","2020","2020","1000 ha","28250.7","I","Value imputed by a receiving agency",""
"RL","Land Use","728","South Sudan","5110","Area","6610","Agricultural land","2020","2020","1000 ha","28250.7","A","Official figure",""
"RL","Land Use","728","South Sudan","5110","Area","6620","Cropland","2020","2020","1000 ha","2477.7","A","Official figure",""
"RL","Land Use","728","South Sudan","5110","Area","6621","Arable land","2020","2020","1000 ha","2394.7","I","Value imputed by a receiving agency",""
"RL","Land Use","728","South Sudan","5110","Area","6630","Temporary crops","2020","2020","1000 ha","1848.8958","I","Value imputed by a receiving agency",""
"RL","Land Use","728","South Sudan","5110","Area","6633","Temporary meadows and pastures","2020","2020","1000 ha","262.0629","I","Value imputed by a receiving agency",""
"RL","Land Use","728","South Sudan","5110","Area","6640","Temporary fallow","2020","2020","1000 ha","283.7413","I","Value imputed by a receiving agency",""
"RL","Land Use","728","South Sudan","5110","Area","6650","Permanent crops","2020","2020","1000 ha","83","I","Value imputed by a receiving agency",""
"RL","Land Use","728","South Sudan","5110","Area","6655","Permanent meadows and pastures","2020","2020","1000 ha","25773","A","Official figure",""
"RL","Land Use","724","Spain","5110","Area","6602","Agriculture","2020","2020","1000 ha","26142.6381","I","Value imputed by a receiving agency",""
"RL","Land Use","724","Spain","5110","Area","6610","Agricultural land","2020","2020","1000 ha","26142.6381","A","Official figure",""
"RL","Land Use","724","Spain","5110","Area","6620","Cropland","2020","2020","1000 ha","16646.3951","A","Official figure",""
"RL","Land Use","724","Spain","5110","Area","6621","Arable land","2020","2020","1000 ha","11639.3981","A","Official figure",""
"RL","Land Use","724","Spain","5110","Area","6630","Temporary crops","2020","2020","1000 ha","7752.181","A","Official figure",""
"RL","Land Use","724","Spain","5110","Area","6633","Temporary meadows and pastures","2020","2020","1000 ha","1016.296","A","Official figure",""
"RL","Land Use","724","Spain","5110","Area","6640","Temporary fallow","2020","2020","1000 ha","2870.273","A","Official figure",""
"RL","Land Use","724","Spain","5110","Area","6650","Permanent crops","2020","2020","1000 ha","5006.997","A","Official figure",""
"RL","Land Use","724","Spain","5110","Area","6655","Permanent meadows and pastures","2020","2020","1000 ha","9496.243","A","Official figure",""
"RL","Land Use","144","Sri Lanka","5110","Area","6602","Agriculture","2020","2020","1000 ha","2829","I","Value imputed by a receiving agency",""
"RL","Land Use","144","Sri Lanka","5110","Area","6610","Agricultural land","2020","2020","1000 ha","2812","I","Value imputed by a receiving agency",""
"RL","Land Use","144","Sri Lanka","5110","Area","6620","Cropland","2020","2020","1000 ha","2372","I","Value imputed by a receiving agency",""
"RL","Land Use","144","Sri Lanka","5110","Area","6621","Arable land","2020","2020","1000 ha","1372","A","Official figure",""
"RL","Land Use","144","Sri Lanka","5110","Area","6630","Temporary crops","2020","2020","1000 ha","1334","A","Official figure",""
"RL","Land Use","144","Sri Lanka","5110","Area","6633","Temporary meadows and pastures","2020","2020","1000 ha","18.2454","I","Value imputed by a receiving agency",""
"RL","Land Use","144","Sri Lanka","5110","Area","6640","Temporary fallow","2020","2020","1000 ha","19.7546","I","Value imputed by a receiving agency",""
"RL","Land Use","144","Sri Lanka","5110","Area","6650","Permanent crops","2020","2020","1000 ha","1000","I","Value imputed by a receiving agency",""
"RL","Land Use","144","Sri Lanka","5110","Area","6655","Permanent meadows and pastures","2020","2020","1000 ha","440","I","Value imputed by a receiving agency",""
"RL","Land Use","144","Sri Lanka","5110","Area","6649","Farm buildings and Farmyards","2020","2020","1000 ha","17","A","Official figure",""
"RL","Land Use","729","Sudan","5110","Area","6602","Agriculture","2020","2020","1000 ha","112665","I","Value imputed by a receiving agency",""
"RL","Land Use","729","Sudan","5110","Area","6610","Agricultural land","2020","2020","1000 ha","112665","I","Value imputed by a receiving agency",""
"RL","Land Use","729","Sudan","5110","Area","6620","Cropland","2020","2020","1000 ha","21211","I","Value imputed by a receiving agency",""
"RL","Land Use","729","Sudan","5110","Area","6621","Arable land","2020","2020","1000 ha","20995","I","Value imputed by a receiving agency",""
"RL","Land Use","729","Sudan","5110","Area","6630","Temporary crops","2020","2020","1000 ha","20452","I","Value imputed by a receiving agency",""
"RL","Land Use","729","Sudan","5110","Area","6633","Temporary meadows and pastures","2020","2020","1000 ha","54","I","Value imputed by a receiving agency",""
"RL","Land Use","729","Sudan","5110","Area","6640","Temporary fallow","2020","2020","1000 ha","489","I","Value imputed by a receiving agency",""
"RL","Land Use","729","Sudan","5110","Area","6650","Permanent crops","2020","2020","1000 ha","216","I","Value imputed by a receiving agency",""
"RL","Land Use","729","Sudan","5110","Area","6655","Permanent meadows and pastures","2020","2020","1000 ha","91454","I","Value imputed by a receiving agency",""
"RL","Land Use","740","Suriname","5110","Area","6602","Agriculture","2020","2020","1000 ha","80","I","Value imputed by a receiving agency",""
"RL","Land Use","740","Suriname","5110","Area","6610","Agricultural land","2020","2020","1000 ha","80","A","Official figure",""
"RL","Land Use","740","Suriname","5110","Area","6620","Cropland","2020","2020","1000 ha","65","A","Official figure",""
"RL","Land Use","740","Suriname","5110","Area","6621","Arable land","2020","2020","1000 ha","60","A","Official figure",""
"RL","Land Use","740","Suriname","5110","Area","6630","Temporary crops","2020","2020","1000 ha","46.3247","I","Value imputed by a receiving agency",""
"RL","Land Use","740","Suriname","5110","Area","6633","Temporary meadows and pastures","2020","2020","1000 ha","6.5661","I","Value imputed by a receiving agency",""
"RL","Land Use","740","Suriname","5110","Area","6640","Temporary fallow","2020","2020","1000 ha","7.1092","I","Value imputed by a receiving agency",""
"RL","Land Use","740","Suriname","5110","Area","6650","Permanent crops","2020","2020","1000 ha","5","A","Official figure",""
"RL","Land Use","740","Suriname","5110","Area","6655","Permanent meadows and pastures","2020","2020","1000 ha","16","A","Official figure",""
"RL","Land Use","752","Sweden","5110","Area","6602","Agriculture","2020","2020","1000 ha","3134","A","Official figure",""
"RL","Land Use","752","Sweden","5110","Area","6610","Agricultural land","2020","2020","1000 ha","3006","A","Official figure",""
"RL","Land Use","752","Sweden","5110","Area","6620","Cropland","2020","2020","1000 ha","2542","A","Official figure",""
"RL","Land Use","752","Sweden","5110","Area","6621","Arable land","2020","2020","1000 ha","2539","A","Official figure",""
"RL","Land Use","752","Sweden","5110","Area","6630","Temporary crops","2020","2020","1000 ha","1332","A","Official figure",""
"RL","Land Use","752","Sweden","5110","Area","6633","Temporary meadows and pastures","2020","2020","1000 ha","1065","A","Official figure",""
"RL","Land Use","752","Sweden","5110","Area","6640","Temporary fallow","2020","2020","1000 ha","142","A","Official figure",""
"RL","Land Use","752","Sweden","5110","Area","6650","Permanent crops","2020","2020","1000 ha","3","A","Official figure",""
"RL","Land Use","752","Sweden","5110","Area","6655","Permanent meadows and pastures","2020","2020","1000 ha","464","A","Official figure",""
"RL","Land Use","752","Sweden","5110","Area","6649","Farm buildings and Farmyards","2020","2020","1000 ha","128","A","Official figure",""
"RL","Land Use","756","Switzerland","5110","Area","6602","Agriculture","2020","2020","1000 ha","1531.6463","A","Official figure",""
"RL","Land Use","756","Switzerland","5110","Area","6610","Agricultural land","2020","2020","1000 ha","1502.4369","A","Official figure",""
"RL","Land Use","756","Switzerland","5110","Area","6620","Cropland","2020","2020","1000 ha","425.0371","A","Official figure",""
"RL","Land Use","756","Switzerland","5110","Area","6621","Arable land","2020","2020","1000 ha","399.8415","A","Official figure",""
"RL","Land Use","756","Switzerland","5110","Area","6630","Temporary crops","2020","2020","1000 ha","271.576","A","Official figure",""
"RL","Land Use","756","Switzerland","5110","Area","6633","Temporary meadows and pastures","2020","2020","1000 ha","125.3925","A","Official figure",""
"RL","Land Use","756","Switzerland","5110","Area","6640","Temporary fallow","2020","2020","1000 ha","2.8729","A","Official figure",""
"RL","Land Use","756","Switzerland","5110","Area","6650","Permanent crops","2020","2020","1000 ha","25.1956","A","Official figure",""
"RL","Land Use","756","Switzerland","5110","Area","6655","Permanent meadows and pastures","2020","2020","1000 ha","1077.3998","A","Official figure",""
"RL","Land Use","756","Switzerland","5110","Area","6656","Perm. meadows & pastures - Cultivated","2020","2020","1000 ha","613.014","A","Official figure",""
"RL","Land Use","756","Switzerland","5110","Area","6659","Perm. meadows & pastures - Nat. growing","2020","2020","1000 ha","464.3858","A","Official figure",""
"RL","Land Use","756","Switzerland","5110","Area","6649","Farm buildings and Farmyards","2020","2020","1000 ha","29.2095","A","Official figure",""
"RL","Land Use","760","Syrian Arab Republic","5110","Area","6602","Agriculture","2020","2020","1000 ha","13913.376","I","Value imputed by a receiving agency",""
"RL","Land Use","760","Syrian Arab Republic","5110","Area","6610","Agricultural land","2020","2020","1000 ha","13913.376","A","Official figure",""
"RL","Land Use","760","Syrian Arab Republic","5110","Area","6620","Cropland","2020","2020","1000 ha","5726.617","A","Official figure",""
"RL","Land Use","760","Syrian Arab Republic","5110","Area","6621","Arable land","2020","2020","1000 ha","4660.617","I","Value imputed by a receiving agency",""
"RL","Land Use","760","Syrian Arab Republic","5110","Area","6630","Temporary crops","2020","2020","1000 ha","3218.525","I","Value imputed by a receiving agency",""
"RL","Land Use","760","Syrian Arab Republic","5110","Area","6633","Temporary meadows and pastures","2020","2020","1000 ha","0","I","Value imputed by a receiving agency",""
"RL","Land Use","760","Syrian Arab Republic","5110","Area","6640","Temporary fallow","2020","2020","1000 ha","1442.092","A","Official figure",""
"RL","Land Use","760","Syrian Arab Republic","5110","Area","6650","Permanent crops","2020","2020","1000 ha","1066","I","Value imputed by a receiving agency",""
"RL","Land Use","760","Syrian Arab Republic","5110","Area","6655","Permanent meadows and pastures","2020","2020","1000 ha","8186.759","A","Official figure",""
"RL","Land Use","760","Syrian Arab Republic","5110","Area","6659","Perm. meadows & pastures - Nat. growing","2020","2020","1000 ha","8186.759","I","Value imputed by a receiving agency",""
"RL","Land Use","762","Tajikistan","5110","Area","6602","Agriculture","2020","2020","1000 ha","3862.7","A","Official figure",""
"RL","Land Use","762","Tajikistan","5110","Area","6610","Agricultural land","2020","2020","1000 ha","3862.7","A","Official figure",""
"RL","Land Use","762","Tajikistan","5110","Area","6620","Cropland","2020","2020","1000 ha","1041","A","Official figure",""
"RL","Land Use","762","Tajikistan","5110","Area","6621","Arable land","2020","2020","1000 ha","839.4","A","Official figure",""
"RL","Land Use","762","Tajikistan","5110","Area","6630","Temporary crops","2020","2020","1000 ha","818.8","A","Official figure",""
"RL","Land Use","762","Tajikistan","5110","Area","6633","Temporary meadows and pastures","2020","2020","1000 ha","0","I","Value imputed by a receiving agency",""
"RL","Land Use","762","Tajikistan","5110","Area","6640","Temporary fallow","2020","2020","1000 ha","20.6","A","Official figure",""
"RL","Land Use","762","Tajikistan","5110","Area","6650","Permanent crops","2020","2020","1000 ha","201.6","A","Official figure",""
"RL","Land Use","762","Tajikistan","5110","Area","6655","Permanent meadows and pastures","2020","2020","1000 ha","2821.7","A","Official figure",""
"RL","Land Use","764","Thailand","5110","Area","6602","Agriculture","2020","2020","1000 ha","23271.8997","I","Value imputed by a receiving agency",""
"RL","Land Use","764","Thailand","5110","Area","6610","Agricultural land","2020","2020","1000 ha","23271.8997","I","Value imputed by a receiving agency",""
"RL","Land Use","764","Thailand","5110","Area","6620","Cropland","2020","2020","1000 ha","22471.8997","A","Official figure",""
"RL","Land Use","764","Thailand","5110","Area","6621","Arable land","2020","2020","1000 ha","16823.5997","I","Value imputed by a receiving agency",""
"RL","Land Use","764","Thailand","5110","Area","6630","Temporary crops","2020","2020","1000 ha","13103.6349","I","Value imputed by a receiving agency",""
"RL","Land Use","764","Thailand","5110","Area","6633","Temporary meadows and pastures","2020","2020","1000 ha","3457.6648","I","Value imputed by a receiving agency",""
"RL","Land Use","764","Thailand","5110","Area","6640","Temporary fallow","2020","2020","1000 ha","262.3","I","Value imputed by a receiving agency",""
"RL","Land Use","764","Thailand","5110","Area","6650","Permanent crops","2020","2020","1000 ha","5648.3","I","Value imputed by a receiving agency",""
"RL","Land Use","764","Thailand","5110","Area","6655","Permanent meadows and pastures","2020","2020","1000 ha","800","I","Value imputed by a receiving agency",""
"RL","Land Use","626","Timor-Leste","5110","Area","6602","Agriculture","2020","2020","1000 ha","341.4","I","Value imputed by a receiving agency",""
"RL","Land Use","626","Timor-Leste","5110","Area","6610","Agricultural land","2020","2020","1000 ha","341.4","I","Value imputed by a receiving agency",""
"RL","Land Use","626","Timor-Leste","5110","Area","6620","Cropland","2020","2020","1000 ha","191.4","I","Value imputed by a receiving agency",""
"RL","Land Use","626","Timor-Leste","5110","Area","6621","Arable land","2020","2020","1000 ha","111.5","I","Value imputed by a receiving agency",""
"RL","Land Use","626","Timor-Leste","5110","Area","6630","Temporary crops","2020","2020","1000 ha","108.3561","I","Value imputed by a receiving agency",""
"RL","Land Use","626","Timor-Leste","5110","Area","6633","Temporary meadows and pastures","2020","2020","1000 ha","0.6006","I","Value imputed by a receiving agency",""
"RL","Land Use","626","Timor-Leste","5110","Area","6640","Temporary fallow","2020","2020","1000 ha","2.5432","I","Value imputed by a receiving agency",""
"RL","Land Use","626","Timor-Leste","5110","Area","6650","Permanent crops","2020","2020","1000 ha","79.9","I","Value imputed by a receiving agency",""
"RL","Land Use","626","Timor-Leste","5110","Area","6655","Permanent meadows and pastures","2020","2020","1000 ha","150","I","Value imputed by a receiving agency",""
"RL","Land Use","768","Togo","5110","Area","6602","Agriculture","2020","2020","1000 ha","3820","I","Value imputed by a receiving agency",""
"RL","Land Use","768","Togo","5110","Area","6610","Agricultural land","2020","2020","1000 ha","3820","I","Value imputed by a receiving agency",""
"RL","Land Use","768","Togo","5110","Area","6620","Cropland","2020","2020","1000 ha","2820","I","Value imputed by a receiving agency",""
"RL","Land Use","768","Togo","5110","Area","6621","Arable land","2020","2020","1000 ha","2650","I","Value imputed by a receiving agency",""
"RL","Land Use","768","Togo","5110","Area","6630","Temporary crops","2020","2020","1000 ha","2046.0074","I","Value imputed by a receiving agency",""
"RL","Land Use","768","Togo","5110","Area","6633","Temporary meadows and pastures","2020","2020","1000 ha","290.0015","I","Value imputed by a receiving agency",""
"RL","Land Use","768","Togo","5110","Area","6640","Temporary fallow","2020","2020","1000 ha","313.9911","I","Value imputed by a receiving agency",""
"RL","Land Use","768","Togo","5110","Area","6650","Permanent crops","2020","2020","1000 ha","170","I","Value imputed by a receiving agency",""
"RL","Land Use","768","Togo","5110","Area","6655","Permanent meadows and pastures","2020","2020","1000 ha","1000","I","Value imputed by a receiving agency",""
"RL","Land Use","772","Tokelau","5110","Area","6602","Agriculture","2020","2020","1000 ha","0.6","I","Value imputed by a receiving agency",""
"RL","Land Use","772","Tokelau","5110","Area","6610","Agricultural land","2020","2020","1000 ha","0.6","I","Value imputed by a receiving agency",""
"RL","Land Use","772","Tokelau","5110","Area","6620","Cropland","2020","2020","1000 ha","0.6","I","Value imputed by a receiving agency",""
"RL","Land Use","772","Tokelau","5110","Area","6650","Permanent crops","2020","2020","1000 ha","0.6","I","Value imputed by a receiving agency",""
"RL","Land Use","776","Tonga","5110","Area","6602","Agriculture","2020","2020","1000 ha","35","I","Value imputed by a receiving agency",""
"RL","Land Use","776","Tonga","5110","Area","6610","Agricultural land","2020","2020","1000 ha","35","I","Value imputed by a receiving agency",""
"RL","Land Use","776","Tonga","5110","Area","6620","Cropland","2020","2020","1000 ha","31","I","Value imputed by a receiving agency",""
"RL","Land Use","776","Tonga","5110","Area","6621","Arable land","2020","2020","1000 ha","20","I","Value imputed by a receiving agency",""
"RL","Land Use","776","Tonga","5110","Area","6630","Temporary crops","2020","2020","1000 ha","8.4958","I","Value imputed by a receiving agency",""
"RL","Land Use","776","Tonga","5110","Area","6633","Temporary meadows and pastures","2020","2020","1000 ha","1.2042","I","Value imputed by a receiving agency",""
"RL","Land Use","776","Tonga","5110","Area","6640","Temporary fallow","2020","2020","1000 ha","10.3","I","Value imputed by a receiving agency",""
"RL","Land Use","776","Tonga","5110","Area","6650","Permanent crops","2020","2020","1000 ha","11","I","Value imputed by a receiving agency",""
"RL","Land Use","776","Tonga","5110","Area","6655","Permanent meadows and pastures","2020","2020","1000 ha","4","I","Value imputed by a receiving agency",""
"RL","Land Use","780","Trinidad and Tobago","5110","Area","6602","Agriculture","2020","2020","1000 ha","54","I","Value imputed by a receiving agency",""
"RL","Land Use","780","Trinidad and Tobago","5110","Area","6610","Agricultural land","2020","2020","1000 ha","54","I","Value imputed by a receiving agency",""
"RL","Land Use","780","Trinidad and Tobago","5110","Area","6620","Cropland","2020","2020","1000 ha","47","I","Value imputed by a receiving agency",""
"RL","Land Use","780","Trinidad and Tobago","5110","Area","6621","Arable land","2020","2020","1000 ha","25","I","Value imputed by a receiving agency",""
"RL","Land Use","780","Trinidad and Tobago","5110","Area","6630","Temporary crops","2020","2020","1000 ha","19.302","I","Value imputed by a receiving agency",""
"RL","Land Use","780","Trinidad and Tobago","5110","Area","6633","Temporary meadows and pastures","2020","2020","1000 ha","2.7359","I","Value imputed by a receiving agency",""
"RL","Land Use","780","Trinidad and Tobago","5110","Area","6640","Temporary fallow","2020","2020","1000 ha","2.9622","I","Value imputed by a receiving agency",""
"RL","Land Use","780","Trinidad and Tobago","5110","Area","6650","Permanent crops","2020","2020","1000 ha","22","I","Value imputed by a receiving agency",""
"RL","Land Use","780","Trinidad and Tobago","5110","Area","6655","Permanent meadows and pastures","2020","2020","1000 ha","7","I","Value imputed by a receiving agency",""
"RL","Land Use","788","Tunisia","5110","Area","6602","Agriculture","2020","2020","1000 ha","9700.5","I","Value imputed by a receiving agency",""
"RL","Land Use","788","Tunisia","5110","Area","6610","Agricultural land","2020","2020","1000 ha","9700.5","I","Value imputed by a receiving agency",""
"RL","Land Use","788","Tunisia","5110","Area","6620","Cropland","2020","2020","1000 ha","4950.5","A","Official figure",""
"RL","Land Use","788","Tunisia","5110","Area","6621","Arable land","2020","2020","1000 ha","2831.3","I","Value imputed by a receiving agency",""
"RL","Land Use","788","Tunisia","5110","Area","6630","Temporary crops","2020","2020","1000 ha","2226.6","I","Value imputed by a receiving agency",""
"RL","Land Use","788","Tunisia","5110","Area","6633","Temporary meadows and pastures","2020","2020","1000 ha","0","I","Value imputed by a receiving agency",""
"RL","Land Use","788","Tunisia","5110","Area","6640","Temporary fallow","2020","2020","1000 ha","604.7","A","Official figure",""
"RL","Land Use","788","Tunisia","5110","Area","6650","Permanent crops","2020","2020","1000 ha","2119.2","A","Official figure",""
"RL","Land Use","788","Tunisia","5110","Area","6655","Permanent meadows and pastures","2020","2020","1000 ha","4750","I","Value imputed by a receiving agency",""
"RL","Land Use","792","Türkiye","5110","Area","6602","Agriculture","2020","2020","1000 ha","37762","I","Value imputed by a receiving agency",""
"RL","Land Use","792","Türkiye","5110","Area","6610","Agricultural land","2020","2020","1000 ha","37762","A","Official figure",""
"RL","Land Use","792","Türkiye","5110","Area","6620","Cropland","2020","2020","1000 ha","23145","A","Official figure",""
"RL","Land Use","792","Türkiye","5110","Area","6621","Arable land","2020","2020","1000 ha","19586","A","Official figure",""
"RL","Land Use","792","Türkiye","5110","Area","6630","Temporary crops","2020","2020","1000 ha","16412","A","Official figure",""
"RL","Land Use","792","Türkiye","5110","Area","6633","Temporary meadows and pastures","2020","2020","1000 ha","0","I","Value imputed by a receiving agency",""
"RL","Land Use","792","Türkiye","5110","Area","6640","Temporary fallow","2020","2020","1000 ha","3173","A","Official figure",""
"RL","Land Use","792","Türkiye","5110","Area","6650","Permanent crops","2020","2020","1000 ha","3559","A","Official figure",""
"RL","Land Use","792","Türkiye","5110","Area","6655","Permanent meadows and pastures","2020","2020","1000 ha","14617","A","Official figure",""
"RL","Land Use","795","Turkmenistan","5110","Area","6602","Agriculture","2020","2020","1000 ha","39796.8","A","Official figure",""
"RL","Land Use","795","Turkmenistan","5110","Area","6610","Agricultural land","2020","2020","1000 ha","39736.7","A","Official figure",""
"RL","Land Use","795","Turkmenistan","5110","Area","6620","Cropland","2020","2020","1000 ha","1643.6","A","Official figure",""
"RL","Land Use","795","Turkmenistan","5110","Area","6621","Arable land","2020","2020","1000 ha","1605.8","A","Official figure",""
"RL","Land Use","795","Turkmenistan","5110","Area","6630","Temporary crops","2020","2020","1000 ha","1464.3","I","Value imputed by a receiving agency",""
"RL","Land Use","795","Turkmenistan","5110","Area","6633","Temporary meadows and pastures","2020","2020","1000 ha","67.9399","I","Value imputed by a receiving agency",""
"RL","Land Use","795","Turkmenistan","5110","Area","6640","Temporary fallow","2020","2020","1000 ha","73.5601","I","Value imputed by a receiving agency",""
"RL","Land Use","795","Turkmenistan","5110","Area","6650","Permanent crops","2020","2020","1000 ha","37.8","A","Official figure",""
"RL","Land Use","795","Turkmenistan","5110","Area","6655","Permanent meadows and pastures","2020","2020","1000 ha","37955.5","A","Official figure",""
"RL","Land Use","795","Turkmenistan","5110","Area","6656","Perm. meadows & pastures - Cultivated","2020","2020","1000 ha","37945.3","I","Value imputed by a receiving agency",""
"RL","Land Use","795","Turkmenistan","5110","Area","6659","Perm. meadows & pastures - Nat. growing","2020","2020","1000 ha","10.2","A","Official figure",""
"RL","Land Use","795","Turkmenistan","5110","Area","6649","Farm buildings and Farmyards","2020","2020","1000 ha","60.1","A","Official figure",""
"RL","Land Use","796","Turks and Caicos Islands","5110","Area","6602","Agriculture","2020","2020","1000 ha","1","I","Value imputed by a receiving agency",""
"RL","Land Use","796","Turks and Caicos Islands","5110","Area","6610","Agricultural land","2020","2020","1000 ha","1","I","Value imputed by a receiving agency",""
"RL","Land Use","796","Turks and Caicos Islands","5110","Area","6620","Cropland","2020","2020","1000 ha","1","I","Value imputed by a receiving agency",""
"RL","Land Use","796","Turks and Caicos Islands","5110","Area","6621","Arable land","2020","2020","1000 ha","1","I","Value imputed by a receiving agency",""
"RL","Land Use","796","Turks and Caicos Islands","5110","Area","6630","Temporary crops","2020","2020","1000 ha","0.7721","I","Value imputed by a receiving agency",""
"RL","Land Use","796","Turks and Caicos Islands","5110","Area","6633","Temporary meadows and pastures","2020","2020","1000 ha","0.1094","I","Value imputed by a receiving agency",""
"RL","Land Use","796","Turks and Caicos Islands","5110","Area","6640","Temporary fallow","2020","2020","1000 ha","0.1185","I","Value imputed by a receiving agency",""
"RL","Land Use","798","Tuvalu","5110","Area","6602","Agriculture","2020","2020","1000 ha","1.8","I","Value imputed by a receiving agency",""
"RL","Land Use","798","Tuvalu","5110","Area","6610","Agricultural land","2020","2020","1000 ha","1.8","I","Value imputed by a receiving agency",""
"RL","Land Use","798","Tuvalu","5110","Area","6620","Cropland","2020","2020","1000 ha","1.8","I","Value imputed by a receiving agency",""
"RL","Land Use","798","Tuvalu","5110","Area","6650","Permanent crops","2020","2020","1000 ha","1.8","I","Value imputed by a receiving agency",""
"RL","Land Use","800","Uganda","5110","Area","6602","Agriculture","2020","2020","1000 ha","14415","I","Value imputed by a receiving agency",""
"RL","Land Use","800","Uganda","5110","Area","6610","Agricultural land","2020","2020","1000 ha","14415","I","Value imputed by a receiving agency",""
"RL","Land Use","800","Uganda","5110","Area","6620","Cropland","2020","2020","1000 ha","9100","I","Value imputed by a receiving agency",""
"RL","Land Use","800","Uganda","5110","Area","6621","Arable land","2020","2020","1000 ha","6900","I","Value imputed by a receiving agency",""
"RL","Land Use","800","Uganda","5110","Area","6630","Temporary crops","2020","2020","1000 ha","5327.3401","I","Value imputed by a receiving agency",""
"RL","Land Use","800","Uganda","5110","Area","6633","Temporary meadows and pastures","2020","2020","1000 ha","755.0983","I","Value imputed by a receiving agency",""
"RL","Land Use","800","Uganda","5110","Area","6640","Temporary fallow","2020","2020","1000 ha","817.5617","I","Value imputed by a receiving agency",""
"RL","Land Use","800","Uganda","5110","Area","6650","Permanent crops","2020","2020","1000 ha","2200","I","Value imputed by a receiving agency",""
"RL","Land Use","800","Uganda","5110","Area","6655","Permanent meadows and pastures","2020","2020","1000 ha","5315","I","Value imputed by a receiving agency",""
"RL","Land Use","804","Ukraine","5110","Area","6602","Agriculture","2020","2020","1000 ha","41892","A","Official figure",""
"RL","Land Use","804","Ukraine","5110","Area","6610","Agricultural land","2020","2020","1000 ha","41311","A","Official figure",""
"RL","Land Use","804","Ukraine","5110","Area","6620","Cropland","2020","2020","1000 ha","33777","A","Official figure",""
"RL","Land Use","804","Ukraine","5110","Area","6621","Arable land","2020","2020","1000 ha","32924","A","Official figure",""
"RL","Land Use","804","Ukraine","5110","Area","6630","Temporary crops","2020","2020","1000 ha","31888","A","Official figure",""
"RL","Land Use","804","Ukraine","5110","Area","6633","Temporary meadows and pastures","2020","2020","1000 ha","869","A","Official figure",""
"RL","Land Use","804","Ukraine","5110","Area","6640","Temporary fallow","2020","2020","1000 ha","167","A","Official figure",""
"RL","Land Use","804","Ukraine","5110","Area","6650","Permanent crops","2020","2020","1000 ha","853","A","Official figure",""
"RL","Land Use","804","Ukraine","5110","Area","6655","Permanent meadows and pastures","2020","2020","1000 ha","7534","A","Official figure",""
"RL","Land Use","804","Ukraine","5110","Area","6656","Perm. meadows & pastures - Cultivated","2020","2020","1000 ha","680","A","Official figure",""
"RL","Land Use","804","Ukraine","5110","Area","6659","Perm. meadows & pastures - Nat. growing","2020","2020","1000 ha","6854","A","Official figure",""
"RL","Land Use","804","Ukraine","5110","Area","6649","Farm buildings and Farmyards","2020","2020","1000 ha","581","A","Official figure",""
"RL","Land Use","784","United Arab Emirates","5110","Area","6602","Agriculture","2020","2020","1000 ha","409.6324","I","Value imputed by a receiving agency",""
"RL","Land Use","784","United Arab Emirates","5110","Area","6610","Agricultural land","2020","2020","1000 ha","389.8","I","Value imputed by a receiving agency",""
"RL","Land Use","784","United Arab Emirates","5110","Area","6620","Cropland","2020","2020","1000 ha","89.8","A","Official figure",""
"RL","Land Use","784","United Arab Emirates","5110","Area","6621","Arable land","2020","2020","1000 ha","49","A","Official figure",""
"RL","Land Use","784","United Arab Emirates","5110","Area","6630","Temporary crops","2020","2020","1000 ha","17.3","A","Official figure",""
"RL","Land Use","784","United Arab Emirates","5110","Area","6633","Temporary meadows and pastures","2020","2020","1000 ha","0","I","Value imputed by a receiving agency",""
"RL","Land Use","784","United Arab Emirates","5110","Area","6640","Temporary fallow","2020","2020","1000 ha","31.9","A","Official figure",""
"RL","Land Use","784","United Arab Emirates","5110","Area","6650","Permanent crops","2020","2020","1000 ha","40.6","A","Official figure",""
"RL","Land Use","784","United Arab Emirates","5110","Area","6655","Permanent meadows and pastures","2020","2020","1000 ha","300","I","Value imputed by a receiving agency",""
"RL","Land Use","784","United Arab Emirates","5110","Area","6649","Farm buildings and Farmyards","2020","2020","1000 ha","19.8324","A","Official figure",""
"RL","Land Use","826","United Kingdom of Great Britain and Northern Ireland","5110","Area","6602","Agriculture","2020","2020","1000 ha","17562.3623","A","Official figure",""
"RL","Land Use","826","United Kingdom of Great Britain and Northern Ireland","5110","Area","6610","Agricultural land","2020","2020","1000 ha","17259.2981","A","Official figure",""
"RL","Land Use","826","United Kingdom of Great Britain and Northern Ireland","5110","Area","6620","Cropland","2020","2020","1000 ha","6023.5961","A","Official figure",""
"RL","Land Use","826","United Kingdom of Great Britain and Northern Ireland","5110","Area","6621","Arable land","2020","2020","1000 ha","5978.5022","A","Official figure",""
"RL","Land Use","826","United Kingdom of Great Britain and Northern Ireland","5110","Area","6630","Temporary crops","2020","2020","1000 ha","4435.4985","A","Official figure",""
"RL","Land Use","826","United Kingdom of Great Britain and Northern Ireland","5110","Area","6633","Temporary meadows and pastures","2020","2020","1000 ha","1181.0195","A","Official figure",""
"RL","Land Use","826","United Kingdom of Great Britain and Northern Ireland","5110","Area","6640","Temporary fallow","2020","2020","1000 ha","361.9842","A","Official figure",""
"RL","Land Use","826","United Kingdom of Great Britain and Northern Ireland","5110","Area","6650","Permanent crops","2020","2020","1000 ha","45.0939","A","Official figure",""
"RL","Land Use","826","United Kingdom of Great Britain and Northern Ireland","5110","Area","6655","Permanent meadows and pastures","2020","2020","1000 ha","11235.702","A","Official figure",""
"RL","Land Use","826","United Kingdom of Great Britain and Northern Ireland","5110","Area","6656","Perm. meadows & pastures - Cultivated","2020","2020","1000 ha","6118.2915","A","Official figure",""
"RL","Land Use","826","United Kingdom of Great Britain and Northern Ireland","5110","Area","6659","Perm. meadows & pastures - Nat. growing","2020","2020","1000 ha","5117.4106","A","Official figure",""
"RL","Land Use","834","United Republic of Tanzania","5110","Area","6602","Agriculture","2020","2020","1000 ha","39521.2","I","Value imputed by a receiving agency",""
"RL","Land Use","834","United Republic of Tanzania","5110","Area","6610","Agricultural land","2020","2020","1000 ha","39521.2","I","Value imputed by a receiving agency",""
"RL","Land Use","834","United Republic of Tanzania","5110","Area","6620","Cropland","2020","2020","1000 ha","15521.2","I","Value imputed by a receiving agency",""
"RL","Land Use","834","United Republic of Tanzania","5110","Area","6621","Arable land","2020","2020","1000 ha","13502.5","I","Value imputed by a receiving agency",""
"RL","Land Use","834","United Republic of Tanzania","5110","Area","6630","Temporary crops","2020","2020","1000 ha","11087.5","I","Value imputed by a receiving agency",""
"RL","Land Use","834","United Republic of Tanzania","5110","Area","6633","Temporary meadows and pastures","2020","2020","1000 ha","877.5","A","Official figure",""
"RL","Land Use","834","United Republic of Tanzania","5110","Area","6640","Temporary fallow","2020","2020","1000 ha","1537.5","A","Official figure",""
"RL","Land Use","834","United Republic of Tanzania","5110","Area","6650","Permanent crops","2020","2020","1000 ha","2018.7","I","Value imputed by a receiving agency",""
"RL","Land Use","834","United Republic of Tanzania","5110","Area","6655","Permanent meadows and pastures","2020","2020","1000 ha","24000","I","Value imputed by a receiving agency",""
"RL","Land Use","840","United States of America","5110","Area","6602","Agriculture","2020","2020","1000 ha","436604.2495","I","Value imputed by a receiving agency",""
"RL","Land Use","840","United States of America","5110","Area","6610","Agricultural land","2020","2020","1000 ha","423821.4373","I","Value imputed by a receiving agency",""
"RL","Land Use","840","United States of America","5110","Area","6620","Cropland","2020","2020","1000 ha","157015.195","I","Value imputed by a receiving agency",""
"RL","Land Use","840","United States of America","5110","Area","6621","Arable land","2020","2020","1000 ha","153903.595","I","Value imputed by a receiving agency",""
"RL","Land Use","840","United States of America","5110","Area","6630","Temporary crops","2020","2020","1000 ha","141603.4023","I","Value imputed by a receiving agency",""
"RL","Land Use","840","United States of America","5110","Area","6633","Temporary meadows and pastures","2020","2020","1000 ha","5386.3104","I","Value imputed by a receiving agency",""
"RL","Land Use","840","United States of America","5110","Area","6640","Temporary fallow","2020","2020","1000 ha","6913.8823","I","Value imputed by a receiving agency",""
"RL","Land Use","840","United States of America","5110","Area","6650","Permanent crops","2020","2020","1000 ha","3111.6","I","Value imputed by a receiving agency",""
"RL","Land Use","840","United States of America","5110","Area","6655","Permanent meadows and pastures","2020","2020","1000 ha","266806.2423","I","Value imputed by a receiving agency",""
"RL","Land Use","840","United States of America","5110","Area","6649","Farm buildings and Farmyards","2020","2020","1000 ha","12782.8121","I","Value imputed by a receiving agency",""
"RL","Land Use","850","United States Virgin Islands","5110","Area","6602","Agriculture","2020","2020","1000 ha","3.3","I","Value imputed by a receiving agency",""
"RL","Land Use","850","United States Virgin Islands","5110","Area","6610","Agricultural land","2020","2020","1000 ha","3.3","I","Value imputed by a receiving agency",""
"RL","Land Use","850","United States Virgin Islands","5110","Area","6620","Cropland","2020","2020","1000 ha","1.1","I","Value imputed by a receiving agency",""
"RL","Land Use","850","United States Virgin Islands","5110","Area","6621","Arable land","2020","2020","1000 ha","0.9","I","Value imputed by a receiving agency",""
"RL","Land Use","850","United States Virgin Islands","5110","Area","6630","Temporary crops","2020","2020","1000 ha","0.6949","I","Value imputed by a receiving agency",""
"RL","Land Use","850","United States Virgin Islands","5110","Area","6633","Temporary meadows and pastures","2020","2020","1000 ha","0.0985","I","Value imputed by a receiving agency",""
"RL","Land Use","850","United States Virgin Islands","5110","Area","6640","Temporary fallow","2020","2020","1000 ha","0.1066","I","Value imputed by a receiving agency",""
"RL","Land Use","850","United States Virgin Islands","5110","Area","6650","Permanent crops","2020","2020","1000 ha","0.2","I","Value imputed by a receiving agency",""
"RL","Land Use","850","United States Virgin Islands","5110","Area","6655","Permanent meadows and pastures","2020","2020","1000 ha","2.2","I","Value imputed by a receiving agency",""
"RL","Land Use","858","Uruguay","5110","Area","6602","Agriculture","2020","2020","1000 ha","14063.4","I","Value imputed by a receiving agency",""
"RL","Land Use","858","Uruguay","5110","Area","6610","Agricultural land","2020","2020","1000 ha","14063.4","I","Value imputed by a receiving agency",""
"RL","Land Use","858","Uruguay","5110","Area","6620","Cropland","2020","2020","1000 ha","2063.4","I","Value imputed by a receiving agency",""
"RL","Land Use","858","Uruguay","5110","Area","6621","Arable land","2020","2020","1000 ha","2024.4","I","Value imputed by a receiving agency",""
"RL","Land Use","858","Uruguay","5110","Area","6630","Temporary crops","2020","2020","1000 ha","1287.4","I","Value imputed by a receiving agency",""
"RL","Land Use","858","Uruguay","5110","Area","6633","Temporary meadows and pastures","2020","2020","1000 ha","540","I","Value imputed by a receiving agency",""
"RL","Land Use","858","Uruguay","5110","Area","6640","Temporary fallow","2020","2020","1000 ha","197","I","Value imputed by a receiving agency",""
"RL","Land Use","858","Uruguay","5110","Area","6650","Permanent crops","2020","2020","1000 ha","39","I","Value imputed by a receiving agency",""
"RL","Land Use","858","Uruguay","5110","Area","6655","Permanent meadows and pastures","2020","2020","1000 ha","12000","I","Value imputed by a receiving agency",""
"RL","Land Use","858","Uruguay","5110","Area","6656","Perm. meadows & pastures - Cultivated","2020","2020","1000 ha","1500","I","Value imputed by a receiving agency",""
"RL","Land Use","858","Uruguay","5110","Area","6659","Perm. meadows & pastures - Nat. growing","2020","2020","1000 ha","10500","I","Value imputed by a receiving agency",""
"RL","Land Use","860","Uzbekistan","5110","Area","6602","Agriculture","2020","2020","1000 ha","25682.5","I","Value imputed by a receiving agency",""
"RL","Land Use","860","Uzbekistan","5110","Area","6610","Agricultural land","2020","2020","1000 ha","25682.5","I","Value imputed by a receiving agency",""
"RL","Land Use","860","Uzbekistan","5110","Area","6620","Cropland","2020","2020","1000 ha","4438.2","A","Official figure",""
"RL","Land Use","860","Uzbekistan","5110","Area","6621","Arable land","2020","2020","1000 ha","4023","A","Official figure",""
"RL","Land Use","860","Uzbekistan","5110","Area","6630","Temporary crops","2020","2020","1000 ha","3106.0709","I","Value imputed by a receiving agency",""
"RL","Land Use","860","Uzbekistan","5110","Area","6633","Temporary meadows and pastures","2020","2020","1000 ha","440.2551","I","Value imputed by a receiving agency",""
"RL","Land Use","860","Uzbekistan","5110","Area","6640","Temporary fallow","2020","2020","1000 ha","476.674","I","Value imputed by a receiving agency",""
"RL","Land Use","860","Uzbekistan","5110","Area","6650","Permanent crops","2020","2020","1000 ha","415.2","A","Official figure",""
"RL","Land Use","860","Uzbekistan","5110","Area","6655","Permanent meadows and pastures","2020","2020","1000 ha","21244.3","A","Official figure",""
"RL","Land Use","548","Vanuatu","5110","Area","6602","Agriculture","2020","2020","1000 ha","187","I","Value imputed by a receiving agency",""
"RL","Land Use","548","Vanuatu","5110","Area","6610","Agricultural land","2020","2020","1000 ha","187","I","Value imputed by a receiving agency",""
"RL","Land Use","548","Vanuatu","5110","Area","6620","Cropland","2020","2020","1000 ha","145","I","Value imputed by a receiving agency",""
"RL","Land Use","548","Vanuatu","5110","Area","6621","Arable land","2020","2020","1000 ha","20","I","Value imputed by a receiving agency",""
"RL","Land Use","548","Vanuatu","5110","Area","6630","Temporary crops","2020","2020","1000 ha","15.4416","I","Value imputed by a receiving agency",""
"RL","Land Use","548","Vanuatu","5110","Area","6633","Temporary meadows and pastures","2020","2020","1000 ha","2.1887","I","Value imputed by a receiving agency",""
"RL","Land Use","548","Vanuatu","5110","Area","6640","Temporary fallow","2020","2020","1000 ha","2.3697","I","Value imputed by a receiving agency",""
"RL","Land Use","548","Vanuatu","5110","Area","6650","Permanent crops","2020","2020","1000 ha","125","I","Value imputed by a receiving agency",""
"RL","Land Use","548","Vanuatu","5110","Area","6655","Permanent meadows and pastures","2020","2020","1000 ha","42","I","Value imputed by a receiving agency",""
"RL","Land Use","862","Venezuela (Bolivarian Republic of)","5110","Area","6602","Agriculture","2020","2020","1000 ha","21500","I","Value imputed by a receiving agency",""
"RL","Land Use","862","Venezuela (Bolivarian Republic of)","5110","Area","6610","Agricultural land","2020","2020","1000 ha","21500","I","Value imputed by a receiving agency",""
"RL","Land Use","862","Venezuela (Bolivarian Republic of)","5110","Area","6620","Cropland","2020","2020","1000 ha","3300","I","Value imputed by a receiving agency",""
"RL","Land Use","862","Venezuela (Bolivarian Republic of)","5110","Area","6621","Arable land","2020","2020","1000 ha","2600","I","Value imputed by a receiving agency",""
"RL","Land Use","862","Venezuela (Bolivarian Republic of)","5110","Area","6630","Temporary crops","2020","2020","1000 ha","1665.0735","I","Value imputed by a receiving agency",""
"RL","Land Use","862","Venezuela (Bolivarian Republic of)","5110","Area","6633","Temporary meadows and pastures","2020","2020","1000 ha","284.5298","I","Value imputed by a receiving agency",""
"RL","Land Use","862","Venezuela (Bolivarian Republic of)","5110","Area","6640","Temporary fallow","2020","2020","1000 ha","650.3967","I","Value imputed by a receiving agency",""
"RL","Land Use","862","Venezuela (Bolivarian Republic of)","5110","Area","6650","Permanent crops","2020","2020","1000 ha","700","I","Value imputed by a receiving agency",""
"RL","Land Use","862","Venezuela (Bolivarian Republic of)","5110","Area","6655","Permanent meadows and pastures","2020","2020","1000 ha","18200","I","Value imputed by a receiving agency",""
"RL","Land Use","704","Viet Nam","5110","Area","6602","Agriculture","2020","2020","1000 ha","12360","I","Value imputed by a receiving agency",""
"RL","Land Use","704","Viet Nam","5110","Area","6610","Agricultural land","2020","2020","1000 ha","12360","I","Value imputed by a receiving agency",""
"RL","Land Use","704","Viet Nam","5110","Area","6620","Cropland","2020","2020","1000 ha","11718","A","Official figure",""
"RL","Land Use","704","Viet Nam","5110","Area","6621","Arable land","2020","2020","1000 ha","6787","A","Official figure",""
"RL","Land Use","704","Viet Nam","5110","Area","6630","Temporary crops","2020","2020","1000 ha","6787","A","Official figure",""
"RL","Land Use","704","Viet Nam","5110","Area","6633","Temporary meadows and pastures","2020","2020","1000 ha","0","I","Value imputed by a receiving agency",""
"RL","Land Use","704","Viet Nam","5110","Area","6640","Temporary fallow","2020","2020","1000 ha","0","I","Value imputed by a receiving agency",""
"RL","Land Use","704","Viet Nam","5110","Area","6650","Permanent crops","2020","2020","1000 ha","4931","A","Official figure",""
"RL","Land Use","704","Viet Nam","5110","Area","6655","Permanent meadows and pastures","2020","2020","1000 ha","642","I","Value imputed by a receiving agency",""
"RL","Land Use","876","Wallis and Futuna Islands","5110","Area","6602","Agriculture","2020","2020","1000 ha","6","I","Value imputed by a receiving agency",""
"RL","Land Use","876","Wallis and Futuna Islands","5110","Area","6610","Agricultural land","2020","2020","1000 ha","6","I","Value imputed by a receiving agency",""
"RL","Land Use","876","Wallis and Futuna Islands","5110","Area","6620","Cropland","2020","2020","1000 ha","6","I","Value imputed by a receiving agency",""
"RL","Land Use","876","Wallis and Futuna Islands","5110","Area","6621","Arable land","2020","2020","1000 ha","1","I","Value imputed by a receiving agency",""
"RL","Land Use","876","Wallis and Futuna Islands","5110","Area","6630","Temporary crops","2020","2020","1000 ha","0.7721","I","Value imputed by a receiving agency",""
"RL","Land Use","876","Wallis and Futuna Islands","5110","Area","6633","Temporary meadows and pastures","2020","2020","1000 ha","0.1094","I","Value imputed by a receiving agency",""
"RL","Land Use","876","Wallis and Futuna Islands","5110","Area","6640","Temporary fallow","2020","2020","1000 ha","0.1185","I","Value imputed by a receiving agency",""
"RL","Land Use","876","Wallis and Futuna Islands","5110","Area","6650","Permanent crops","2020","2020","1000 ha","5","I","Value imputed by a receiving agency",""
"RL","Land Use","732","Western Sahara","5110","Area","6602","Agriculture","2020","2020","1000 ha","5004","I","Value imputed by a receiving agency",""
"RL","Land Use","732","Western Sahara","5110","Area","6610","Agricultural land","2020","2020","1000 ha","5004","I","Value imputed by a receiving agency",""
"RL","Land Use","732","Western Sahara","5110","Area","6620","Cropland","2020","2020","1000 ha","4","I","Value imputed by a receiving agency",""
"RL","Land Use","732","Western Sahara","5110","Area","6621","Arable land","2020","2020","1000 ha","4","I","Value imputed by a receiving agency",""
"RL","Land Use","732","Western Sahara","5110","Area","6630","Temporary crops","2020","2020","1000 ha","3.0883","I","Value imputed by a receiving agency",""
"RL","Land Use","732","Western Sahara","5110","Area","6633","Temporary meadows and pastures","2020","2020","1000 ha","0.4377","I","Value imputed by a receiving agency",""
"RL","Land Use","732","Western Sahara","5110","Area","6640","Temporary fallow","2020","2020","1000 ha","0.4739","I","Value imputed by a receiving agency",""
"RL","Land Use","732","Western Sahara","5110","Area","6655","Permanent meadows and pastures","2020","2020","1000 ha","5000","I","Value imputed by a receiving agency",""
"RL","Land Use","887","Yemen","5110","Area","6602","Agriculture","2020","2020","1000 ha","23452","I","Value imputed by a receiving agency",""
"RL","Land Use","887","Yemen","5110","Area","6610","Agricultural land","2020","2020","1000 ha","23452","I","Value imputed by a receiving agency",""
"RL","Land Use","887","Yemen","5110","Area","6620","Cropland","2020","2020","1000 ha","1452","I","Value imputed by a receiving agency",""
"RL","Land Use","887","Yemen","5110","Area","6621","Arable land","2020","2020","1000 ha","1158","I","Value imputed by a receiving agency",""
"RL","Land Use","887","Yemen","5110","Area","6630","Temporary crops","2020","2020","1000 ha","812","I","Value imputed by a receiving agency",""
"RL","Land Use","887","Yemen","5110","Area","6633","Temporary meadows and pastures","2020","2020","1000 ha","18","I","Value imputed by a receiving agency",""
"RL","Land Use","887","Yemen","5110","Area","6640","Temporary fallow","2020","2020","1000 ha","328","I","Value imputed by a receiving agency",""
"RL","Land Use","887","Yemen","5110","Area","6650","Permanent crops","2020","2020","1000 ha","294","I","Value imputed by a receiving agency",""
"RL","Land Use","887","Yemen","5110","Area","6655","Permanent meadows and pastures","2020","2020","1000 ha","22000","I","Value imputed by a receiving agency",""
"RL","Land Use","894","Zambia","5110","Area","6602","Agriculture","2020","2020","1000 ha","23839","I","Value imputed by a receiving agency",""
"RL","Land Use","894","Zambia","5110","Area","6610","Agricultural land","2020","2020","1000 ha","23839","I","Value imputed by a receiving agency",""
"RL","Land Use","894","Zambia","5110","Area","6620","Cropland","2020","2020","1000 ha","3839","I","Value imputed by a receiving agency",""
"RL","Land Use","894","Zambia","5110","Area","6621","Arable land","2020","2020","1000 ha","3800","I","Value imputed by a receiving agency",""
"RL","Land Use","894","Zambia","5110","Area","6630","Temporary crops","2020","2020","1000 ha","2933.8974","I","Value imputed by a receiving agency",""
"RL","Land Use","894","Zambia","5110","Area","6633","Temporary meadows and pastures","2020","2020","1000 ha","415.8512","I","Value imputed by a receiving agency",""
"RL","Land Use","894","Zambia","5110","Area","6640","Temporary fallow","2020","2020","1000 ha","450.2514","I","Value imputed by a receiving agency",""
"RL","Land Use","894","Zambia","5110","Area","6650","Permanent crops","2020","2020","1000 ha","39","I","Value imputed by a receiving agency",""
"RL","Land Use","894","Zambia","5110","Area","6655","Permanent meadows and pastures","2020","2020","1000 ha","20000","I","Value imputed by a receiving agency",""
"RL","Land Use","716","Zimbabwe","5110","Area","6602","Agriculture","2020","2020","1000 ha","16176.8909","I","Value imputed by a receiving agency",""
"RL","Land Use","716","Zimbabwe","5110","Area","6610","Agricultural land","2020","2020","1000 ha","16176.8909","I","Value imputed by a receiving agency",""
"RL","Land Use","716","Zimbabwe","5110","Area","6620","Cropland","2020","2020","1000 ha","4076.8909","I","Value imputed by a receiving agency",""
"RL","Land Use","716","Zimbabwe","5110","Area","6621","Arable land","2020","2020","1000 ha","4029.4769","I","Value imputed by a receiving agency",""
"RL","Land Use","716","Zimbabwe","5110","Area","6630","Temporary crops","2020","2020","1000 ha","2509.5582","I","Value imputed by a receiving agency",""
"RL","Land Use","716","Zimbabwe","5110","Area","6633","Temporary meadows and pastures","2020","2020","1000 ha","1042.4773","I","Value imputed by a receiving agency",""
"RL","Land Use","716","Zimbabwe","5110","Area","6640","Temporary fallow","2020","2020","1000 ha","477.4414","I","Value imputed by a receiving agency",""
"RL","Land Use","716","Zimbabwe","5110","Area","6650","Permanent crops","2020","2020","1000 ha","47.414","I","Value imputed by a receiving agency",""
"RL","Land Use","716","Zimbabwe","5110","Area","6655","Permanent meadows and pastures","2020","2020","1000 ha","12100","I","Value imputed by a receiving agency",""
